order,file_path,thumbnail,width,height,date_created
1,http://whaling-data.oldweather.org/subjects/logbookofprogres00unse_0136.jpg,http://whaling-data.oldweather.org/subjects/logbookofprogres00unse_0136_thumb.jpg,3335,5207,Tue Sep 22 09:59:46 CDT 2015
2,http://whaling-data.oldweather.org/subjects/logbookofprogres00unse_0137.jpg,http://whaling-data.oldweather.org/subjects/logbookofprogres00unse_0137_thumb.jpg,3212,5230,Tue Sep 22 09:59:46 CDT 2015
3,http://whaling-data.oldweather.org/subjects/logbookofprogres00unse_0138.jpg,http://whaling-data.oldweather.org/subjects/logbookofprogres00unse_0138_thumb.jpg,3335,5207,Tue Sep 22 09:59:46 CDT 2015
4,http://whaling-data.oldweather.org/subjects/logbookofprogres00unse_0139.jpg,http://whaling-data.oldweather.org/subjects/logbookofprogres00unse_0139_thumb.jpg,3212,5230,Tue Sep 22 09:59:46 CDT 2015
5,http://whaling-data.oldweather.org/subjects/logbookofprogres00unse_0140.jpg,http://whaling-data.oldweather.org/subjects/logbookofprogres00unse_0140_thumb.jpg,3335,5207,Tue Sep 22 09:59:46 CDT 2015
6,http://whaling-data.oldweather.org/subjects/logbookofprogres00unse_0141.jpg,http://whaling-data.oldweather.org/subjects/logbookofprogres00unse_0141_thumb.jpg,3212,5230,Tue Sep 22 09:59:46 CDT 2015
7,http://whaling-data.oldweather.org/subjects/logbookofprogres00unse_0142.jpg,http://whaling-data.oldweather.org/subjects/logbookofprogres00unse_0142_thumb.jpg,3335,5207,Tue Sep 22 09:59:46 CDT 2015
8,http://whaling-data.oldweather.org/subjects/logbookofprogres00unse_0143.jpg,http://whaling-data.oldweather.org/subjects/logbookofprogres00unse_0143_thumb.jpg,3212,5230,Tue Sep 22 09:59:46 CDT 2015
9,http://whaling-data.oldweather.org/subjects/logbookofprogres00unse_0144.jpg,http://whaling-data.oldweather.org/subjects/logbookofprogres00unse_0144_thumb.jpg,3335,5207,Tue Sep 22 09:59:46 CDT 2015
10,http://whaling-data.oldweather.org/subjects/logbookofprogres00unse_0145.jpg,http://whaling-data.oldweather.org/subjects/logbookofprogres00unse_0145_thumb.jpg,3212,5230,Tue Sep 22 09:59:46 CDT 2015
11,http://whaling-data.oldweather.org/subjects/logbookofprogres00unse_0146.jpg,http://whaling-data.oldweather.org/subjects/logbookofprogres00unse_0146_thumb.jpg,3335,5207,Tue Sep 22 09:59:46 CDT 2015
12,http://whaling-data.oldweather.org/subjects/logbookofprogres00unse_0147.jpg,http://whaling-data.oldweather.org/subjects/logbookofprogres00unse_0147_thumb.jpg,3212,5230,Tue Sep 22 09:59:46 CDT 2015
13,http://whaling-data.oldweather.org/subjects/logbookofprogres00unse_0148.jpg,http://whaling-data.oldweather.org/subjects/logbookofprogres00unse_0148_thumb.jpg,3335,5207,Tue Sep 22 09:59:46 CDT 2015
14,http://whaling-data.oldweather.org/subjects/logbookofprogres00unse_0149.jpg,http://whaling-data.oldweather.org/subjects/logbookofprogres00unse_0149_thumb.jpg,3212,5230,Tue Sep 22 09:59:46 CDT 2015
15,http://whaling-data.oldweather.org/subjects/logbookofprogres00unse_0150.jpg,http://whaling-data.oldweather.org/subjects/logbookofprogres00unse_0150_thumb.jpg,3335,5207,Tue Sep 22 09:59:46 CDT 2015
16,http://whaling-data.oldweather.org/subjects/logbookofprogres00unse_0151.jpg,http://whaling-data.oldweather.org/subjects/logbookofprogres00unse_0151_thumb.jpg,3212,5230,Tue Sep 22 09:59:46 CDT 2015
17,http://whaling-data.oldweather.org/subjects/logbookofprogres00unse_0152.jpg,http://whaling-data.oldweather.org/subjects/logbookofprogres00unse_0152_thumb.jpg,3335,5207,Tue Sep 22 09:59:46 CDT 2015
18,http://whaling-data.oldweather.org/subjects/logbookofprogres00unse_0153.jpg,http://whaling-data.oldweather.org/subjects/logbookofprogres00unse_0153_thumb.jpg,3212,5230,Tue Sep 22 09:59:46 CDT 2015
19,http://whaling-data.oldweather.org/subjects/logbookofprogres00unse_0154.jpg,http://whaling-data.oldweather.org/subjects/logbookofprogres00unse_0154_thumb.jpg,3335,5207,Tue Sep 22 09:59:46 CDT 2015
20,http://whaling-data.oldweather.org/subjects/logbookofprogres00unse_0155.jpg,http://whaling-data.oldweather.org/subjects/logbookofprogres00unse_0155_thumb.jpg,3212,5230,Tue Sep 22 09:59:46 CDT 2015
21,http://whaling-data.oldweather.org/subjects/logbookofprogres00unse_0156.jpg,http://whaling-data.oldweather.org/subjects/logbookofprogres00unse_0156_thumb.jpg,3335,5207,Tue Sep 22 09:59:46 CDT 2015
22,http://whaling-data.oldweather.org/subjects/logbookofprogres00unse_0157.jpg,http://whaling-data.oldweather.org/subjects/logbookofprogres00unse_0157_thumb.jpg,3212,5230,Tue Sep 22 09:59:46 CDT 2015
23,http://whaling-data.oldweather.org/subjects/logbookofprogres00unse_0158.jpg,http://whaling-data.oldweather.org/subjects/logbookofprogres00unse_0158_thumb.jpg,3335,5207,Tue Sep 22 09:59:46 CDT 2015
24,http://whaling-data.oldweather.org/subjects/logbookofprogres00unse_0159.jpg,http://whaling-data.oldweather.org/subjects/logbookofprogres00unse_0159_thumb.jpg,3212,5230,Tue Sep 22 09:59:46 CDT 2015
25,http://whaling-data.oldweather.org/subjects/logbookofprogres00unse_0160.jpg,http://whaling-data.oldweather.org/subjects/logbookofprogres00unse_0160_thumb.jpg,3335,5207,Tue Sep 22 09:59:46 CDT 2015
26,http://whaling-data.oldweather.org/subjects/logbookofprogres00unse_0161.jpg,http://whaling-data.oldweather.org/subjects/logbookofprogres00unse_0161_thumb.jpg,3212,5230,Tue Sep 22 09:59:46 CDT 2015
27,http://whaling-data.oldweather.org/subjects/logbookofprogres00unse_0162.jpg,http://whaling-data.oldweather.org/subjects/logbookofprogres00unse_0162_thumb.jpg,3335,5207,Tue Sep 22 09:59:46 CDT 2015
28,http://whaling-data.oldweather.org/subjects/logbookofprogres00unse_0163.jpg,http://whaling-data.oldweather.org/subjects/logbookofprogres00unse_0163_thumb.jpg,3212,5230,Tue Sep 22 09:59:46 CDT 2015
29,http://whaling-data.oldweather.org/subjects/logbookofprogres00unse_0164.jpg,http://whaling-data.oldweather.org/subjects/logbookofprogres00unse_0164_thumb.jpg,3335,5207,Tue Sep 22 09:59:46 CDT 2015
30,http://whaling-data.oldweather.org/subjects/logbookofprogres00unse_0165.jpg,http://whaling-data.oldweather.org/subjects/logbookofprogres00unse_0165_thumb.jpg,3212,5230,Tue Sep 22 09:59:46 CDT 2015
31,http://whaling-data.oldweather.org/subjects/logbookofprogres00unse_0166.jpg,http://whaling-data.oldweather.org/subjects/logbookofprogres00unse_0166_thumb.jpg,3335,5207,Tue Sep 22 09:59:46 CDT 2015
32,http://whaling-data.oldweather.org/subjects/logbookofprogres00unse_0167.jpg,http://whaling-data.oldweather.org/subjects/logbookofprogres00unse_0167_thumb.jpg,3212,5230,Tue Sep 22 09:59:46 CDT 2015
33,http://whaling-data.oldweather.org/subjects/logbookofprogres00unse_0168.jpg,http://whaling-data.oldweather.org/subjects/logbookofprogres00unse_0168_thumb.jpg,3335,5207,Tue Sep 22 09:59:46 CDT 2015
34,http://whaling-data.oldweather.org/subjects/logbookofprogres00unse_0169.jpg,http://whaling-data.oldweather.org/subjects/logbookofprogres00unse_0169_thumb.jpg,3212,5230,Tue Sep 22 09:59:46 CDT 2015
35,http://whaling-data.oldweather.org/subjects/logbookofprogres00unse_0170.jpg,http://whaling-data.oldweather.org/subjects/logbookofprogres00unse_0170_thumb.jpg,3335,5207,Tue Sep 22 09:59:46 CDT 2015
36,http://whaling-data.oldweather.org/subjects/logbookofprogres00unse_0171.jpg,http://whaling-data.oldweather.org/subjects/logbookofprogres00unse_0171_thumb.jpg,3212,5230,Tue Sep 22 09:59:46 CDT 2015
37,http://whaling-data.oldweather.org/subjects/logbookofprogres00unse_0172.jpg,http://whaling-data.oldweather.org/subjects/logbookofprogres00unse_0172_thumb.jpg,3335,5207,Tue Sep 22 09:59:46 CDT 2015
38,http://whaling-data.oldweather.org/subjects/logbookofprogres00unse_0173.jpg,http://whaling-data.oldweather.org/subjects/logbookofprogres00unse_0173_thumb.jpg,3212,5230,Tue Sep 22 09:59:46 CDT 2015
39,http://whaling-data.oldweather.org/subjects/logbookofprogres00unse_0174.jpg,http://whaling-data.oldweather.org/subjects/logbookofprogres00unse_0174_thumb.jpg,3335,5207,Tue Sep 22 09:59:46 CDT 2015
40,http://whaling-data.oldweather.org/subjects/logbookofprogres00unse_0175.jpg,http://whaling-data.oldweather.org/subjects/logbookofprogres00unse_0175_thumb.jpg,3212,5230,Tue Sep 22 09:59:46 CDT 2015
41,http://whaling-data.oldweather.org/subjects/logbookofprogres00unse_0176.jpg,http://whaling-data.oldweather.org/subjects/logbookofprogres00unse_0176_thumb.jpg,3335,5207,Tue Sep 22 09:59:46 CDT 2015
42,http://whaling-data.oldweather.org/subjects/logbookofprogres00unse_0177.jpg,http://whaling-data.oldweather.org/subjects/logbookofprogres00unse_0177_thumb.jpg,3212,5230,Tue Sep 22 09:59:46 CDT 2015
43,http://whaling-data.oldweather.org/subjects/logbookofprogres00unse_0178.jpg,http://whaling-data.oldweather.org/subjects/logbookofprogres00unse_0178_thumb.jpg,3335,5207,Tue Sep 22 09:59:46 CDT 2015
44,http://whaling-data.oldweather.org/subjects/logbookofprogres00unse_0179.jpg,http://whaling-data.oldweather.org/subjects/logbookofprogres00unse_0179_thumb.jpg,3212,5230,Tue Sep 22 09:59:46 CDT 2015
45,http://whaling-data.oldweather.org/subjects/logbookofprogres00unse_0180.jpg,http://whaling-data.oldweather.org/subjects/logbookofprogres00unse_0180_thumb.jpg,3335,5207,Tue Sep 22 09:59:46 CDT 2015
46,http://whaling-data.oldweather.org/subjects/logbookofprogres00unse_0181.jpg,http://whaling-data.oldweather.org/subjects/logbookofprogres00unse_0181_thumb.jpg,3212,5230,Tue Sep 22 09:59:46 CDT 2015
47,http://whaling-data.oldweather.org/subjects/logbookofprogres00unse_0182.jpg,http://whaling-data.oldweather.org/subjects/logbookofprogres00unse_0182_thumb.jpg,3335,5207,Tue Sep 22 09:59:46 CDT 2015
48,http://whaling-data.oldweather.org/subjects/logbookofprogres00unse_0183.jpg,http://whaling-data.oldweather.org/subjects/logbookofprogres00unse_0183_thumb.jpg,3212,5230,Tue Sep 22 09:59:46 CDT 2015
49,http://whaling-data.oldweather.org/subjects/logbookofprogres00unse_0184.jpg,http://whaling-data.oldweather.org/subjects/logbookofprogres00unse_0184_thumb.jpg,3335,5207,Tue Sep 22 09:59:46 CDT 2015
50,http://whaling-data.oldweather.org/subjects/logbookofprogres00unse_0185.jpg,http://whaling-data.oldweather.org/subjects/logbookofprogres00unse_0185_thumb.jpg,3212,5230,Tue Sep 22 09:59:46 CDT 2015
51,http://whaling-data.oldweather.org/subjects/logbookofprogres00unse_0186.jpg,http://whaling-data.oldweather.org/subjects/logbookofprogres00unse_0186_thumb.jpg,3335,5207,Tue Sep 22 09:59:46 CDT 2015
52,http://whaling-data.oldweather.org/subjects/logbookofprogres00unse_0187.jpg,http://whaling-data.oldweather.org/subjects/logbookofprogres00unse_0187_thumb.jpg,3212,5230,Tue Sep 22 09:59:46 CDT 2015
53,http://whaling-data.oldweather.org/subjects/logbookofprogres00unse_0188.jpg,http://whaling-data.oldweather.org/subjects/logbookofprogres00unse_0188_thumb.jpg,3335,5207,Tue Sep 22 09:59:46 CDT 2015
54,http://whaling-data.oldweather.org/subjects/logbookofprogres00unse_0189.jpg,http://whaling-data.oldweather.org/subjects/logbookofprogres00unse_0189_thumb.jpg,3212,5230,Tue Sep 22 09:59:46 CDT 2015
55,http://whaling-data.oldweather.org/subjects/logbookofprogres00unse_0190.jpg,http://whaling-data.oldweather.org/subjects/logbookofprogres00unse_0190_thumb.jpg,3335,5207,Tue Sep 22 09:59:46 CDT 2015
56,http://whaling-data.oldweather.org/subjects/logbookofprogres00unse_0191.jpg,http://whaling-data.oldweather.org/subjects/logbookofprogres00unse_0191_thumb.jpg,3212,5230,Tue Sep 22 09:59:46 CDT 2015
57,http://whaling-data.oldweather.org/subjects/logbookofprogres00unse_0192.jpg,http://whaling-data.oldweather.org/subjects/logbookofprogres00unse_0192_thumb.jpg,3335,5207,Tue Sep 22 09:59:46 CDT 2015
58,http://whaling-data.oldweather.org/subjects/logbookofprogres00unse_0193.jpg,http://whaling-data.oldweather.org/subjects/logbookofprogres00unse_0193_thumb.jpg,3212,5230,Tue Sep 22 09:59:46 CDT 2015
59,http://whaling-data.oldweather.org/subjects/logbookofprogres00unse_0194.jpg,http://whaling-data.oldweather.org/subjects/logbookofprogres00unse_0194_thumb.jpg,3335,5207,Tue Sep 22 09:59:46 CDT 2015
60,http://whaling-data.oldweather.org/subjects/logbookofprogres00unse_0195.jpg,http://whaling-data.oldweather.org/subjects/logbookofprogres00unse_0195_thumb.jpg,3212,5230,Tue Sep 22 09:59:46 CDT 2015
61,http://whaling-data.oldweather.org/subjects/logbookofprogres00unse_0196.jpg,http://whaling-data.oldweather.org/subjects/logbookofprogres00unse_0196_thumb.jpg,3335,5207,Tue Sep 22 09:59:46 CDT 2015
62,http://whaling-data.oldweather.org/subjects/logbookofprogres00unse_0197.jpg,http://whaling-data.oldweather.org/subjects/logbookofprogres00unse_0197_thumb.jpg,3212,5230,Tue Sep 22 09:59:46 CDT 2015
63,http://whaling-data.oldweather.org/subjects/logbookofprogres00unse_0198.jpg,http://whaling-data.oldweather.org/subjects/logbookofprogres00unse_0198_thumb.jpg,3335,5207,Tue Sep 22 09:59:46 CDT 2015
64,http://whaling-data.oldweather.org/subjects/logbookofprogres00unse_0199.jpg,http://whaling-data.oldweather.org/subjects/logbookofprogres00unse_0199_thumb.jpg,3212,5230,Tue Sep 22 09:59:46 CDT 2015
65,http://whaling-data.oldweather.org/subjects/logbookofprogres00unse_0200.jpg,http://whaling-data.oldweather.org/subjects/logbookofprogres00unse_0200_thumb.jpg,3335,5207,Tue Sep 22 09:59:46 CDT 2015
66,http://whaling-data.oldweather.org/subjects/logbookofprogres00unse_0201.jpg,http://whaling-data.oldweather.org/subjects/logbookofprogres00unse_0201_thumb.jpg,3212,5230,Tue Sep 22 09:59:46 CDT 2015
67,http://whaling-data.oldweather.org/subjects/logbookofprogres00unse_0202.jpg,http://whaling-data.oldweather.org/subjects/logbookofprogres00unse_0202_thumb.jpg,3335,5207,Tue Sep 22 09:59:46 CDT 2015
68,http://whaling-data.oldweather.org/subjects/logbookofprogres00unse_0203.jpg,http://whaling-data.oldweather.org/subjects/logbookofprogres00unse_0203_thumb.jpg,3212,5230,Tue Sep 22 09:59:46 CDT 2015
69,http://whaling-data.oldweather.org/subjects/logbookofprogres00unse_0204.jpg,http://whaling-data.oldweather.org/subjects/logbookofprogres00unse_0204_thumb.jpg,3335,5207,Tue Sep 22 09:59:46 CDT 2015
70,http://whaling-data.oldweather.org/subjects/logbookofprogres00unse_0205.jpg,http://whaling-data.oldweather.org/subjects/logbookofprogres00unse_0205_thumb.jpg,3212,5230,Tue Sep 22 09:59:46 CDT 2015
71,http://whaling-data.oldweather.org/subjects/logbookofprogres00unse_0206.jpg,http://whaling-data.oldweather.org/subjects/logbookofprogres00unse_0206_thumb.jpg,3335,5207,Tue Sep 22 09:59:46 CDT 2015
72,http://whaling-data.oldweather.org/subjects/logbookofprogres00unse_0207.jpg,http://whaling-data.oldweather.org/subjects/logbookofprogres00unse_0207_thumb.jpg,3243,5207,Tue Sep 22 09:59:46 CDT 2015
73,http://whaling-data.oldweather.org/subjects/logbookofprogres00unse_0208.jpg,http://whaling-data.oldweather.org/subjects/logbookofprogres00unse_0208_thumb.jpg,3335,5207,Tue Sep 22 09:59:46 CDT 2015
74,http://whaling-data.oldweather.org/subjects/logbookofprogres00unse_0209.jpg,http://whaling-data.oldweather.org/subjects/logbookofprogres00unse_0209_thumb.jpg,3243,5207,Tue Sep 22 09:59:46 CDT 2015
75,http://whaling-data.oldweather.org/subjects/logbookofprogres00unse_0210.jpg,http://whaling-data.oldweather.org/subjects/logbookofprogres00unse_0210_thumb.jpg,3335,5207,Tue Sep 22 09:59:46 CDT 2015
76,http://whaling-data.oldweather.org/subjects/logbookofprogres00unse_0211.jpg,http://whaling-data.oldweather.org/subjects/logbookofprogres00unse_0211_thumb.jpg,3243,5207,Tue Sep 22 09:59:46 CDT 2015
77,http://whaling-data.oldweather.org/subjects/logbookofprogres00unse_0212.jpg,http://whaling-data.oldweather.org/subjects/logbookofprogres00unse_0212_thumb.jpg,3335,5207,Tue Sep 22 09:59:46 CDT 2015
78,http://whaling-data.oldweather.org/subjects/logbookofprogres00unse_0213.jpg,http://whaling-data.oldweather.org/subjects/logbookofprogres00unse_0213_thumb.jpg,3243,5207,Tue Sep 22 09:59:46 CDT 2015
79,http://whaling-data.oldweather.org/subjects/logbookofprogres00unse_0214.jpg,http://whaling-data.oldweather.org/subjects/logbookofprogres00unse_0214_thumb.jpg,3335,5207,Tue Sep 22 09:59:46 CDT 2015
80,http://whaling-data.oldweather.org/subjects/logbookofprogres00unse_0215.jpg,http://whaling-data.oldweather.org/subjects/logbookofprogres00unse_0215_thumb.jpg,3243,5207,Tue Sep 22 09:59:46 CDT 2015
81,http://whaling-data.oldweather.org/subjects/logbookofprogres00unse_0216.jpg,http://whaling-data.oldweather.org/subjects/logbookofprogres00unse_0216_thumb.jpg,3335,5207,Tue Sep 22 09:59:46 CDT 2015
82,http://whaling-data.oldweather.org/subjects/logbookofprogres00unse_0217.jpg,http://whaling-data.oldweather.org/subjects/logbookofprogres00unse_0217_thumb.jpg,3243,5207,Tue Sep 22 09:59:46 CDT 2015
83,http://whaling-data.oldweather.org/subjects/logbookofprogres00unse_0218.jpg,http://whaling-data.oldweather.org/subjects/logbookofprogres00unse_0218_thumb.jpg,3335,5207,Tue Sep 22 09:59:46 CDT 2015
84,http://whaling-data.oldweather.org/subjects/logbookofprogres00unse_0219.jpg,http://whaling-data.oldweather.org/subjects/logbookofprogres00unse_0219_thumb.jpg,3243,5207,Tue Sep 22 09:59:46 CDT 2015
85,http://whaling-data.oldweather.org/subjects/logbookofprogres00unse_0220.jpg,http://whaling-data.oldweather.org/subjects/logbookofprogres00unse_0220_thumb.jpg,3335,5207,Tue Sep 22 09:59:46 CDT 2015
86,http://whaling-data.oldweather.org/subjects/logbookofprogres00unse_0221.jpg,http://whaling-data.oldweather.org/subjects/logbookofprogres00unse_0221_thumb.jpg,3243,5207,Tue Sep 22 09:59:46 CDT 2015
87,http://whaling-data.oldweather.org/subjects/logbookofprogres00unse_0222.jpg,http://whaling-data.oldweather.org/subjects/logbookofprogres00unse_0222_thumb.jpg,3335,5207,Tue Sep 22 09:59:46 CDT 2015
88,http://whaling-data.oldweather.org/subjects/logbookofprogres00unse_0223.jpg,http://whaling-data.oldweather.org/subjects/logbookofprogres00unse_0223_thumb.jpg,3243,5207,Tue Sep 22 09:59:46 CDT 2015
89,http://whaling-data.oldweather.org/subjects/logbookofprogres00unse_0224.jpg,http://whaling-data.oldweather.org/subjects/logbookofprogres00unse_0224_thumb.jpg,3335,5207,Tue Sep 22 09:59:46 CDT 2015
90,http://whaling-data.oldweather.org/subjects/logbookofprogres00unse_0225.jpg,http://whaling-data.oldweather.org/subjects/logbookofprogres00unse_0225_thumb.jpg,3243,5207,Tue Sep 22 09:59:46 CDT 2015
91,http://whaling-data.oldweather.org/subjects/logbookofprogres00unse_0226.jpg,http://whaling-data.oldweather.org/subjects/logbookofprogres00unse_0226_thumb.jpg,3335,5207,Tue Sep 22 09:59:46 CDT 2015
92,http://whaling-data.oldweather.org/subjects/logbookofprogres00unse_0227.jpg,http://whaling-data.oldweather.org/subjects/logbookofprogres00unse_0227_thumb.jpg,3243,5207,Tue Sep 22 09:59:46 CDT 2015
93,http://whaling-data.oldweather.org/subjects/logbookofprogres00unse_0228.jpg,http://whaling-data.oldweather.org/subjects/logbookofprogres00unse_0228_thumb.jpg,3335,5207,Tue Sep 22 09:59:46 CDT 2015
94,http://whaling-data.oldweather.org/subjects/logbookofprogres00unse_0229.jpg,http://whaling-data.oldweather.org/subjects/logbookofprogres00unse_0229_thumb.jpg,3243,5207,Tue Sep 22 09:59:46 CDT 2015
95,http://whaling-data.oldweather.org/subjects/logbookofprogres00unse_0230.jpg,http://whaling-data.oldweather.org/subjects/logbookofprogres00unse_0230_thumb.jpg,3335,5207,Tue Sep 22 09:59:46 CDT 2015
96,http://whaling-data.oldweather.org/subjects/logbookofprogres00unse_0231.jpg,http://whaling-data.oldweather.org/subjects/logbookofprogres00unse_0231_thumb.jpg,3243,5207,Tue Sep 22 09:59:46 CDT 2015
97,http://whaling-data.oldweather.org/subjects/logbookofprogres00unse_0232.jpg,http://whaling-data.oldweather.org/subjects/logbookofprogres00unse_0232_thumb.jpg,3335,5207,Tue Sep 22 09:59:46 CDT 2015
98,http://whaling-data.oldweather.org/subjects/logbookofprogres00unse_0233.jpg,http://whaling-data.oldweather.org/subjects/logbookofprogres00unse_0233_thumb.jpg,3243,5207,Tue Sep 22 09:59:46 CDT 2015
99,http://whaling-data.oldweather.org/subjects/logbookofprogres00unse_0234.jpg,http://whaling-data.oldweather.org/subjects/logbookofprogres00unse_0234_thumb.jpg,3057,4945,Tue Sep 22 09:59:46 CDT 2015
