order,set_key,file_path,thumbnail,width,height,date_created
1,seneca,http://whaling-data.oldweather.org/subjects/logbookofsenecab00unse_0001.jpg,http://whaling-data.oldweather.org/subjects/logbookofsenecab00unse_0001_thumb.jpg,2828,4263,Tue Sep 22 11:18:19 CDT 2015
2,seneca,http://whaling-data.oldweather.org/subjects/logbookofsenecab00unse_0002.jpg,http://whaling-data.oldweather.org/subjects/logbookofsenecab00unse_0002_thumb.jpg,2808,4519,Tue Sep 22 11:18:19 CDT 2015
3,seneca,http://whaling-data.oldweather.org/subjects/logbookofsenecab00unse_0003.jpg,http://whaling-data.oldweather.org/subjects/logbookofsenecab00unse_0003_thumb.jpg,2808,4519,Tue Sep 22 11:18:19 CDT 2015
4,seneca,http://whaling-data.oldweather.org/subjects/logbookofsenecab00unse_0004.jpg,http://whaling-data.oldweather.org/subjects/logbookofsenecab00unse_0004_thumb.jpg,2808,4519,Tue Sep 22 11:18:19 CDT 2015
5,seneca,http://whaling-data.oldweather.org/subjects/logbookofsenecab00unse_0005.jpg,http://whaling-data.oldweather.org/subjects/logbookofsenecab00unse_0005_thumb.jpg,2808,4519,Tue Sep 22 11:18:19 CDT 2015
6,seneca,http://whaling-data.oldweather.org/subjects/logbookofsenecab00unse_0006.jpg,http://whaling-data.oldweather.org/subjects/logbookofsenecab00unse_0006_thumb.jpg,2808,4519,Tue Sep 22 11:18:19 CDT 2015
7,seneca,http://whaling-data.oldweather.org/subjects/logbookofsenecab00unse_0007.jpg,http://whaling-data.oldweather.org/subjects/logbookofsenecab00unse_0007_thumb.jpg,2808,4519,Tue Sep 22 11:18:19 CDT 2015
8,seneca,http://whaling-data.oldweather.org/subjects/logbookofsenecab00unse_0008.jpg,http://whaling-data.oldweather.org/subjects/logbookofsenecab00unse_0008_thumb.jpg,2808,4519,Tue Sep 22 11:18:19 CDT 2015
9,seneca,http://whaling-data.oldweather.org/subjects/logbookofsenecab00unse_0009.jpg,http://whaling-data.oldweather.org/subjects/logbookofsenecab00unse_0009_thumb.jpg,2747,4526,Tue Sep 22 11:18:19 CDT 2015
10,seneca,http://whaling-data.oldweather.org/subjects/logbookofsenecab00unse_0010.jpg,http://whaling-data.oldweather.org/subjects/logbookofsenecab00unse_0010_thumb.jpg,2808,4519,Tue Sep 22 11:18:19 CDT 2015
11,seneca,http://whaling-data.oldweather.org/subjects/logbookofsenecab00unse_0011.jpg,http://whaling-data.oldweather.org/subjects/logbookofsenecab00unse_0011_thumb.jpg,2747,4526,Tue Sep 22 11:18:19 CDT 2015
12,seneca,http://whaling-data.oldweather.org/subjects/logbookofsenecab00unse_0012.jpg,http://whaling-data.oldweather.org/subjects/logbookofsenecab00unse_0012_thumb.jpg,2808,4519,Tue Sep 22 11:18:19 CDT 2015
13,seneca,http://whaling-data.oldweather.org/subjects/logbookofsenecab00unse_0013.jpg,http://whaling-data.oldweather.org/subjects/logbookofsenecab00unse_0013_thumb.jpg,2747,4526,Tue Sep 22 11:18:19 CDT 2015
14,seneca,http://whaling-data.oldweather.org/subjects/logbookofsenecab00unse_0014.jpg,http://whaling-data.oldweather.org/subjects/logbookofsenecab00unse_0014_thumb.jpg,2808,4519,Tue Sep 22 11:18:19 CDT 2015
15,seneca,http://whaling-data.oldweather.org/subjects/logbookofsenecab00unse_0015.jpg,http://whaling-data.oldweather.org/subjects/logbookofsenecab00unse_0015_thumb.jpg,2747,4526,Tue Sep 22 11:18:19 CDT 2015
16,seneca,http://whaling-data.oldweather.org/subjects/logbookofsenecab00unse_0016.jpg,http://whaling-data.oldweather.org/subjects/logbookofsenecab00unse_0016_thumb.jpg,2808,4519,Tue Sep 22 11:18:19 CDT 2015
17,seneca,http://whaling-data.oldweather.org/subjects/logbookofsenecab00unse_0017.jpg,http://whaling-data.oldweather.org/subjects/logbookofsenecab00unse_0017_thumb.jpg,2747,4526,Tue Sep 22 11:18:19 CDT 2015
18,seneca,http://whaling-data.oldweather.org/subjects/logbookofsenecab00unse_0018.jpg,http://whaling-data.oldweather.org/subjects/logbookofsenecab00unse_0018_thumb.jpg,2808,4519,Tue Sep 22 11:18:19 CDT 2015
19,seneca,http://whaling-data.oldweather.org/subjects/logbookofsenecab00unse_0019.jpg,http://whaling-data.oldweather.org/subjects/logbookofsenecab00unse_0019_thumb.jpg,2747,4526,Tue Sep 22 11:18:19 CDT 2015
20,seneca,http://whaling-data.oldweather.org/subjects/logbookofsenecab00unse_0020.jpg,http://whaling-data.oldweather.org/subjects/logbookofsenecab00unse_0020_thumb.jpg,2808,4519,Tue Sep 22 11:18:19 CDT 2015
21,seneca,http://whaling-data.oldweather.org/subjects/logbookofsenecab00unse_0021.jpg,http://whaling-data.oldweather.org/subjects/logbookofsenecab00unse_0021_thumb.jpg,2747,4526,Tue Sep 22 11:18:19 CDT 2015
22,seneca,http://whaling-data.oldweather.org/subjects/logbookofsenecab00unse_0022.jpg,http://whaling-data.oldweather.org/subjects/logbookofsenecab00unse_0022_thumb.jpg,2808,4519,Tue Sep 22 11:18:19 CDT 2015
23,seneca,http://whaling-data.oldweather.org/subjects/logbookofsenecab00unse_0023.jpg,http://whaling-data.oldweather.org/subjects/logbookofsenecab00unse_0023_thumb.jpg,2747,4526,Tue Sep 22 11:18:19 CDT 2015
24,seneca,http://whaling-data.oldweather.org/subjects/logbookofsenecab00unse_0024.jpg,http://whaling-data.oldweather.org/subjects/logbookofsenecab00unse_0024_thumb.jpg,2808,4519,Tue Sep 22 11:18:19 CDT 2015
25,seneca,http://whaling-data.oldweather.org/subjects/logbookofsenecab00unse_0025.jpg,http://whaling-data.oldweather.org/subjects/logbookofsenecab00unse_0025_thumb.jpg,2747,4526,Tue Sep 22 11:18:19 CDT 2015
26,seneca,http://whaling-data.oldweather.org/subjects/logbookofsenecab00unse_0026.jpg,http://whaling-data.oldweather.org/subjects/logbookofsenecab00unse_0026_thumb.jpg,2808,4519,Tue Sep 22 11:18:19 CDT 2015
27,seneca,http://whaling-data.oldweather.org/subjects/logbookofsenecab00unse_0027.jpg,http://whaling-data.oldweather.org/subjects/logbookofsenecab00unse_0027_thumb.jpg,2747,4526,Tue Sep 22 11:18:19 CDT 2015
28,seneca,http://whaling-data.oldweather.org/subjects/logbookofsenecab00unse_0028.jpg,http://whaling-data.oldweather.org/subjects/logbookofsenecab00unse_0028_thumb.jpg,2808,4519,Tue Sep 22 11:18:19 CDT 2015
29,seneca,http://whaling-data.oldweather.org/subjects/logbookofsenecab00unse_0029.jpg,http://whaling-data.oldweather.org/subjects/logbookofsenecab00unse_0029_thumb.jpg,2747,4526,Tue Sep 22 11:18:19 CDT 2015
30,seneca,http://whaling-data.oldweather.org/subjects/logbookofsenecab00unse_0030.jpg,http://whaling-data.oldweather.org/subjects/logbookofsenecab00unse_0030_thumb.jpg,2808,4519,Tue Sep 22 11:18:19 CDT 2015
31,seneca,http://whaling-data.oldweather.org/subjects/logbookofsenecab00unse_0031.jpg,http://whaling-data.oldweather.org/subjects/logbookofsenecab00unse_0031_thumb.jpg,2747,4526,Tue Sep 22 11:18:19 CDT 2015
32,seneca,http://whaling-data.oldweather.org/subjects/logbookofsenecab00unse_0032.jpg,http://whaling-data.oldweather.org/subjects/logbookofsenecab00unse_0032_thumb.jpg,2808,4519,Tue Sep 22 11:18:19 CDT 2015
33,seneca,http://whaling-data.oldweather.org/subjects/logbookofsenecab00unse_0033.jpg,http://whaling-data.oldweather.org/subjects/logbookofsenecab00unse_0033_thumb.jpg,2747,4526,Tue Sep 22 11:18:19 CDT 2015
34,seneca,http://whaling-data.oldweather.org/subjects/logbookofsenecab00unse_0034.jpg,http://whaling-data.oldweather.org/subjects/logbookofsenecab00unse_0034_thumb.jpg,2808,4519,Tue Sep 22 11:18:19 CDT 2015
35,seneca,http://whaling-data.oldweather.org/subjects/logbookofsenecab00unse_0035.jpg,http://whaling-data.oldweather.org/subjects/logbookofsenecab00unse_0035_thumb.jpg,2747,4526,Tue Sep 22 11:18:19 CDT 2015
36,seneca,http://whaling-data.oldweather.org/subjects/logbookofsenecab00unse_0036.jpg,http://whaling-data.oldweather.org/subjects/logbookofsenecab00unse_0036_thumb.jpg,2808,4519,Tue Sep 22 11:18:19 CDT 2015
37,seneca,http://whaling-data.oldweather.org/subjects/logbookofsenecab00unse_0037.jpg,http://whaling-data.oldweather.org/subjects/logbookofsenecab00unse_0037_thumb.jpg,2747,4526,Tue Sep 22 11:18:19 CDT 2015
38,seneca,http://whaling-data.oldweather.org/subjects/logbookofsenecab00unse_0038.jpg,http://whaling-data.oldweather.org/subjects/logbookofsenecab00unse_0038_thumb.jpg,2808,4519,Tue Sep 22 11:18:19 CDT 2015
39,seneca,http://whaling-data.oldweather.org/subjects/logbookofsenecab00unse_0039.jpg,http://whaling-data.oldweather.org/subjects/logbookofsenecab00unse_0039_thumb.jpg,2747,4526,Tue Sep 22 11:18:19 CDT 2015
40,seneca,http://whaling-data.oldweather.org/subjects/logbookofsenecab00unse_0040.jpg,http://whaling-data.oldweather.org/subjects/logbookofsenecab00unse_0040_thumb.jpg,2808,4519,Tue Sep 22 11:18:19 CDT 2015
41,seneca,http://whaling-data.oldweather.org/subjects/logbookofsenecab00unse_0041.jpg,http://whaling-data.oldweather.org/subjects/logbookofsenecab00unse_0041_thumb.jpg,2747,4526,Tue Sep 22 11:18:19 CDT 2015
42,seneca,http://whaling-data.oldweather.org/subjects/logbookofsenecab00unse_0042.jpg,http://whaling-data.oldweather.org/subjects/logbookofsenecab00unse_0042_thumb.jpg,2808,4519,Tue Sep 22 11:18:19 CDT 2015
43,seneca,http://whaling-data.oldweather.org/subjects/logbookofsenecab00unse_0043.jpg,http://whaling-data.oldweather.org/subjects/logbookofsenecab00unse_0043_thumb.jpg,2747,4526,Tue Sep 22 11:18:19 CDT 2015
44,seneca,http://whaling-data.oldweather.org/subjects/logbookofsenecab00unse_0044.jpg,http://whaling-data.oldweather.org/subjects/logbookofsenecab00unse_0044_thumb.jpg,2808,4519,Tue Sep 22 11:18:19 CDT 2015
45,seneca,http://whaling-data.oldweather.org/subjects/logbookofsenecab00unse_0045.jpg,http://whaling-data.oldweather.org/subjects/logbookofsenecab00unse_0045_thumb.jpg,2747,4526,Tue Sep 22 11:18:19 CDT 2015
46,seneca,http://whaling-data.oldweather.org/subjects/logbookofsenecab00unse_0046.jpg,http://whaling-data.oldweather.org/subjects/logbookofsenecab00unse_0046_thumb.jpg,2808,4519,Tue Sep 22 11:18:19 CDT 2015
47,seneca,http://whaling-data.oldweather.org/subjects/logbookofsenecab00unse_0047.jpg,http://whaling-data.oldweather.org/subjects/logbookofsenecab00unse_0047_thumb.jpg,2747,4526,Tue Sep 22 11:18:19 CDT 2015
48,seneca,http://whaling-data.oldweather.org/subjects/logbookofsenecab00unse_0048.jpg,http://whaling-data.oldweather.org/subjects/logbookofsenecab00unse_0048_thumb.jpg,2808,4519,Tue Sep 22 11:18:19 CDT 2015
49,seneca,http://whaling-data.oldweather.org/subjects/logbookofsenecab00unse_0049.jpg,http://whaling-data.oldweather.org/subjects/logbookofsenecab00unse_0049_thumb.jpg,2747,4526,Tue Sep 22 11:18:19 CDT 2015
50,seneca,http://whaling-data.oldweather.org/subjects/logbookofsenecab00unse_0050.jpg,http://whaling-data.oldweather.org/subjects/logbookofsenecab00unse_0050_thumb.jpg,2808,4519,Tue Sep 22 11:18:19 CDT 2015
51,seneca,http://whaling-data.oldweather.org/subjects/logbookofsenecab00unse_0051.jpg,http://whaling-data.oldweather.org/subjects/logbookofsenecab00unse_0051_thumb.jpg,2747,4526,Tue Sep 22 11:18:19 CDT 2015
52,seneca,http://whaling-data.oldweather.org/subjects/logbookofsenecab00unse_0052.jpg,http://whaling-data.oldweather.org/subjects/logbookofsenecab00unse_0052_thumb.jpg,2808,4519,Tue Sep 22 11:18:19 CDT 2015
53,seneca,http://whaling-data.oldweather.org/subjects/logbookofsenecab00unse_0053.jpg,http://whaling-data.oldweather.org/subjects/logbookofsenecab00unse_0053_thumb.jpg,2747,4526,Tue Sep 22 11:18:19 CDT 2015
54,seneca,http://whaling-data.oldweather.org/subjects/logbookofsenecab00unse_0054.jpg,http://whaling-data.oldweather.org/subjects/logbookofsenecab00unse_0054_thumb.jpg,2808,4519,Tue Sep 22 11:18:19 CDT 2015
55,seneca,http://whaling-data.oldweather.org/subjects/logbookofsenecab00unse_0055.jpg,http://whaling-data.oldweather.org/subjects/logbookofsenecab00unse_0055_thumb.jpg,2747,4526,Tue Sep 22 11:18:19 CDT 2015
56,seneca,http://whaling-data.oldweather.org/subjects/logbookofsenecab00unse_0056.jpg,http://whaling-data.oldweather.org/subjects/logbookofsenecab00unse_0056_thumb.jpg,2808,4519,Tue Sep 22 11:18:19 CDT 2015
57,seneca,http://whaling-data.oldweather.org/subjects/logbookofsenecab00unse_0057.jpg,http://whaling-data.oldweather.org/subjects/logbookofsenecab00unse_0057_thumb.jpg,2747,4526,Tue Sep 22 11:18:19 CDT 2015
58,seneca,http://whaling-data.oldweather.org/subjects/logbookofsenecab00unse_0058.jpg,http://whaling-data.oldweather.org/subjects/logbookofsenecab00unse_0058_thumb.jpg,2808,4519,Tue Sep 22 11:18:19 CDT 2015
59,seneca,http://whaling-data.oldweather.org/subjects/logbookofsenecab00unse_0059.jpg,http://whaling-data.oldweather.org/subjects/logbookofsenecab00unse_0059_thumb.jpg,2747,4526,Tue Sep 22 11:18:19 CDT 2015
60,seneca,http://whaling-data.oldweather.org/subjects/logbookofsenecab00unse_0060.jpg,http://whaling-data.oldweather.org/subjects/logbookofsenecab00unse_0060_thumb.jpg,2808,4519,Tue Sep 22 11:18:19 CDT 2015
61,seneca,http://whaling-data.oldweather.org/subjects/logbookofsenecab00unse_0061.jpg,http://whaling-data.oldweather.org/subjects/logbookofsenecab00unse_0061_thumb.jpg,2747,4526,Tue Sep 22 11:18:19 CDT 2015
62,seneca,http://whaling-data.oldweather.org/subjects/logbookofsenecab00unse_0062.jpg,http://whaling-data.oldweather.org/subjects/logbookofsenecab00unse_0062_thumb.jpg,2808,4519,Tue Sep 22 11:18:19 CDT 2015
63,seneca,http://whaling-data.oldweather.org/subjects/logbookofsenecab00unse_0063.jpg,http://whaling-data.oldweather.org/subjects/logbookofsenecab00unse_0063_thumb.jpg,2747,4526,Tue Sep 22 11:18:19 CDT 2015
64,seneca,http://whaling-data.oldweather.org/subjects/logbookofsenecab00unse_0064.jpg,http://whaling-data.oldweather.org/subjects/logbookofsenecab00unse_0064_thumb.jpg,2808,4519,Tue Sep 22 11:18:19 CDT 2015
65,seneca,http://whaling-data.oldweather.org/subjects/logbookofsenecab00unse_0065.jpg,http://whaling-data.oldweather.org/subjects/logbookofsenecab00unse_0065_thumb.jpg,2747,4526,Tue Sep 22 11:18:19 CDT 2015
66,seneca,http://whaling-data.oldweather.org/subjects/logbookofsenecab00unse_0066.jpg,http://whaling-data.oldweather.org/subjects/logbookofsenecab00unse_0066_thumb.jpg,2808,4519,Tue Sep 22 11:18:19 CDT 2015
67,seneca,http://whaling-data.oldweather.org/subjects/logbookofsenecab00unse_0067.jpg,http://whaling-data.oldweather.org/subjects/logbookofsenecab00unse_0067_thumb.jpg,2747,4526,Tue Sep 22 11:18:19 CDT 2015
68,seneca,http://whaling-data.oldweather.org/subjects/logbookofsenecab00unse_0068.jpg,http://whaling-data.oldweather.org/subjects/logbookofsenecab00unse_0068_thumb.jpg,2808,4519,Tue Sep 22 11:18:19 CDT 2015
69,seneca,http://whaling-data.oldweather.org/subjects/logbookofsenecab00unse_0069.jpg,http://whaling-data.oldweather.org/subjects/logbookofsenecab00unse_0069_thumb.jpg,2747,4526,Tue Sep 22 11:18:19 CDT 2015
70,seneca,http://whaling-data.oldweather.org/subjects/logbookofsenecab00unse_0070.jpg,http://whaling-data.oldweather.org/subjects/logbookofsenecab00unse_0070_thumb.jpg,2808,4519,Tue Sep 22 11:18:19 CDT 2015
71,seneca,http://whaling-data.oldweather.org/subjects/logbookofsenecab00unse_0071.jpg,http://whaling-data.oldweather.org/subjects/logbookofsenecab00unse_0071_thumb.jpg,2747,4526,Tue Sep 22 11:18:19 CDT 2015
72,seneca,http://whaling-data.oldweather.org/subjects/logbookofsenecab00unse_0072.jpg,http://whaling-data.oldweather.org/subjects/logbookofsenecab00unse_0072_thumb.jpg,2808,4519,Tue Sep 22 11:18:19 CDT 2015
73,seneca,http://whaling-data.oldweather.org/subjects/logbookofsenecab00unse_0073.jpg,http://whaling-data.oldweather.org/subjects/logbookofsenecab00unse_0073_thumb.jpg,2747,4526,Tue Sep 22 11:18:19 CDT 2015
74,seneca,http://whaling-data.oldweather.org/subjects/logbookofsenecab00unse_0074.jpg,http://whaling-data.oldweather.org/subjects/logbookofsenecab00unse_0074_thumb.jpg,2808,4519,Tue Sep 22 11:18:19 CDT 2015
75,seneca,http://whaling-data.oldweather.org/subjects/logbookofsenecab00unse_0075.jpg,http://whaling-data.oldweather.org/subjects/logbookofsenecab00unse_0075_thumb.jpg,2747,4526,Tue Sep 22 11:18:19 CDT 2015
76,seneca,http://whaling-data.oldweather.org/subjects/logbookofsenecab00unse_0076.jpg,http://whaling-data.oldweather.org/subjects/logbookofsenecab00unse_0076_thumb.jpg,2808,4519,Tue Sep 22 11:18:19 CDT 2015
77,seneca,http://whaling-data.oldweather.org/subjects/logbookofsenecab00unse_0077.jpg,http://whaling-data.oldweather.org/subjects/logbookofsenecab00unse_0077_thumb.jpg,2747,4526,Tue Sep 22 11:18:19 CDT 2015
78,seneca,http://whaling-data.oldweather.org/subjects/logbookofsenecab00unse_0078.jpg,http://whaling-data.oldweather.org/subjects/logbookofsenecab00unse_0078_thumb.jpg,2808,4519,Tue Sep 22 11:18:19 CDT 2015
79,seneca,http://whaling-data.oldweather.org/subjects/logbookofsenecab00unse_0079.jpg,http://whaling-data.oldweather.org/subjects/logbookofsenecab00unse_0079_thumb.jpg,2747,4526,Tue Sep 22 11:18:19 CDT 2015
80,seneca,http://whaling-data.oldweather.org/subjects/logbookofsenecab00unse_0080.jpg,http://whaling-data.oldweather.org/subjects/logbookofsenecab00unse_0080_thumb.jpg,2808,4519,Tue Sep 22 11:18:19 CDT 2015
81,seneca,http://whaling-data.oldweather.org/subjects/logbookofsenecab00unse_0081.jpg,http://whaling-data.oldweather.org/subjects/logbookofsenecab00unse_0081_thumb.jpg,2747,4526,Tue Sep 22 11:18:19 CDT 2015
82,seneca,http://whaling-data.oldweather.org/subjects/logbookofsenecab00unse_0082.jpg,http://whaling-data.oldweather.org/subjects/logbookofsenecab00unse_0082_thumb.jpg,2808,4519,Tue Sep 22 11:18:19 CDT 2015
83,seneca,http://whaling-data.oldweather.org/subjects/logbookofsenecab00unse_0083.jpg,http://whaling-data.oldweather.org/subjects/logbookofsenecab00unse_0083_thumb.jpg,2747,4526,Tue Sep 22 11:18:19 CDT 2015
84,seneca,http://whaling-data.oldweather.org/subjects/logbookofsenecab00unse_0084.jpg,http://whaling-data.oldweather.org/subjects/logbookofsenecab00unse_0084_thumb.jpg,2808,4519,Tue Sep 22 11:18:19 CDT 2015
85,seneca,http://whaling-data.oldweather.org/subjects/logbookofsenecab00unse_0085.jpg,http://whaling-data.oldweather.org/subjects/logbookofsenecab00unse_0085_thumb.jpg,2747,4526,Tue Sep 22 11:18:19 CDT 2015
86,seneca,http://whaling-data.oldweather.org/subjects/logbookofsenecab00unse_0086.jpg,http://whaling-data.oldweather.org/subjects/logbookofsenecab00unse_0086_thumb.jpg,2808,4519,Tue Sep 22 11:18:19 CDT 2015
87,seneca,http://whaling-data.oldweather.org/subjects/logbookofsenecab00unse_0087.jpg,http://whaling-data.oldweather.org/subjects/logbookofsenecab00unse_0087_thumb.jpg,2747,4526,Tue Sep 22 11:18:19 CDT 2015
88,seneca,http://whaling-data.oldweather.org/subjects/logbookofsenecab00unse_0088.jpg,http://whaling-data.oldweather.org/subjects/logbookofsenecab00unse_0088_thumb.jpg,2808,4519,Tue Sep 22 11:18:19 CDT 2015
89,seneca,http://whaling-data.oldweather.org/subjects/logbookofsenecab00unse_0089.jpg,http://whaling-data.oldweather.org/subjects/logbookofsenecab00unse_0089_thumb.jpg,2747,4526,Tue Sep 22 11:18:19 CDT 2015
90,seneca,http://whaling-data.oldweather.org/subjects/logbookofsenecab00unse_0090.jpg,http://whaling-data.oldweather.org/subjects/logbookofsenecab00unse_0090_thumb.jpg,2808,4519,Tue Sep 22 11:18:19 CDT 2015
91,seneca,http://whaling-data.oldweather.org/subjects/logbookofsenecab00unse_0091.jpg,http://whaling-data.oldweather.org/subjects/logbookofsenecab00unse_0091_thumb.jpg,2747,4526,Tue Sep 22 11:18:19 CDT 2015
92,seneca,http://whaling-data.oldweather.org/subjects/logbookofsenecab00unse_0092.jpg,http://whaling-data.oldweather.org/subjects/logbookofsenecab00unse_0092_thumb.jpg,2808,4519,Tue Sep 22 11:18:19 CDT 2015
93,seneca,http://whaling-data.oldweather.org/subjects/logbookofsenecab00unse_0093.jpg,http://whaling-data.oldweather.org/subjects/logbookofsenecab00unse_0093_thumb.jpg,2747,4526,Tue Sep 22 11:18:19 CDT 2015
94,seneca,http://whaling-data.oldweather.org/subjects/logbookofsenecab00unse_0094.jpg,http://whaling-data.oldweather.org/subjects/logbookofsenecab00unse_0094_thumb.jpg,2808,4519,Tue Sep 22 11:18:19 CDT 2015
95,seneca,http://whaling-data.oldweather.org/subjects/logbookofsenecab00unse_0095.jpg,http://whaling-data.oldweather.org/subjects/logbookofsenecab00unse_0095_thumb.jpg,2747,4526,Tue Sep 22 11:18:19 CDT 2015
96,seneca,http://whaling-data.oldweather.org/subjects/logbookofsenecab00unse_0096.jpg,http://whaling-data.oldweather.org/subjects/logbookofsenecab00unse_0096_thumb.jpg,2808,4519,Tue Sep 22 11:18:19 CDT 2015
97,seneca,http://whaling-data.oldweather.org/subjects/logbookofsenecab00unse_0097.jpg,http://whaling-data.oldweather.org/subjects/logbookofsenecab00unse_0097_thumb.jpg,2747,4526,Tue Sep 22 11:18:19 CDT 2015
98,seneca,http://whaling-data.oldweather.org/subjects/logbookofsenecab00unse_0098.jpg,http://whaling-data.oldweather.org/subjects/logbookofsenecab00unse_0098_thumb.jpg,2808,4519,Tue Sep 22 11:18:19 CDT 2015
99,seneca,http://whaling-data.oldweather.org/subjects/logbookofsenecab00unse_0099.jpg,http://whaling-data.oldweather.org/subjects/logbookofsenecab00unse_0099_thumb.jpg,2747,4526,Tue Sep 22 11:18:19 CDT 2015
100,seneca,http://whaling-data.oldweather.org/subjects/logbookofsenecab00unse_0100.jpg,http://whaling-data.oldweather.org/subjects/logbookofsenecab00unse_0100_thumb.jpg,2808,4519,Tue Sep 22 11:18:19 CDT 2015
101,seneca,http://whaling-data.oldweather.org/subjects/logbookofsenecab00unse_0101.jpg,http://whaling-data.oldweather.org/subjects/logbookofsenecab00unse_0101_thumb.jpg,2747,4526,Tue Sep 22 11:18:19 CDT 2015
102,seneca,http://whaling-data.oldweather.org/subjects/logbookofsenecab00unse_0102.jpg,http://whaling-data.oldweather.org/subjects/logbookofsenecab00unse_0102_thumb.jpg,2808,4519,Tue Sep 22 11:18:19 CDT 2015
103,seneca,http://whaling-data.oldweather.org/subjects/logbookofsenecab00unse_0103.jpg,http://whaling-data.oldweather.org/subjects/logbookofsenecab00unse_0103_thumb.jpg,2747,4526,Tue Sep 22 11:18:19 CDT 2015
104,seneca,http://whaling-data.oldweather.org/subjects/logbookofsenecab00unse_0104.jpg,http://whaling-data.oldweather.org/subjects/logbookofsenecab00unse_0104_thumb.jpg,2808,4519,Tue Sep 22 11:18:19 CDT 2015
105,seneca,http://whaling-data.oldweather.org/subjects/logbookofsenecab00unse_0105.jpg,http://whaling-data.oldweather.org/subjects/logbookofsenecab00unse_0105_thumb.jpg,2747,4526,Tue Sep 22 11:18:19 CDT 2015
106,seneca,http://whaling-data.oldweather.org/subjects/logbookofsenecab00unse_0106.jpg,http://whaling-data.oldweather.org/subjects/logbookofsenecab00unse_0106_thumb.jpg,2808,4519,Tue Sep 22 11:18:19 CDT 2015
107,seneca,http://whaling-data.oldweather.org/subjects/logbookofsenecab00unse_0107.jpg,http://whaling-data.oldweather.org/subjects/logbookofsenecab00unse_0107_thumb.jpg,2747,4526,Tue Sep 22 11:18:19 CDT 2015
108,seneca,http://whaling-data.oldweather.org/subjects/logbookofsenecab00unse_0108.jpg,http://whaling-data.oldweather.org/subjects/logbookofsenecab00unse_0108_thumb.jpg,2808,4519,Tue Sep 22 11:18:19 CDT 2015
109,seneca,http://whaling-data.oldweather.org/subjects/logbookofsenecab00unse_0109.jpg,http://whaling-data.oldweather.org/subjects/logbookofsenecab00unse_0109_thumb.jpg,2747,4526,Tue Sep 22 11:18:19 CDT 2015
110,seneca,http://whaling-data.oldweather.org/subjects/logbookofsenecab00unse_0110.jpg,http://whaling-data.oldweather.org/subjects/logbookofsenecab00unse_0110_thumb.jpg,2808,4519,Tue Sep 22 11:18:19 CDT 2015
111,seneca,http://whaling-data.oldweather.org/subjects/logbookofsenecab00unse_0111.jpg,http://whaling-data.oldweather.org/subjects/logbookofsenecab00unse_0111_thumb.jpg,2747,4526,Tue Sep 22 11:18:19 CDT 2015
112,seneca,http://whaling-data.oldweather.org/subjects/logbookofsenecab00unse_0112.jpg,http://whaling-data.oldweather.org/subjects/logbookofsenecab00unse_0112_thumb.jpg,2808,4519,Tue Sep 22 11:18:19 CDT 2015
113,seneca,http://whaling-data.oldweather.org/subjects/logbookofsenecab00unse_0113.jpg,http://whaling-data.oldweather.org/subjects/logbookofsenecab00unse_0113_thumb.jpg,3744,5616,Tue Sep 22 11:18:19 CDT 2015
114,seneca,http://whaling-data.oldweather.org/subjects/logbookofsenecab00unse_0114.jpg,http://whaling-data.oldweather.org/subjects/logbookofsenecab00unse_0114_thumb.jpg,3744,5616,Tue Sep 22 11:18:19 CDT 2015
115,seneca,http://whaling-data.oldweather.org/subjects/logbookofsenecab00unse_0115.jpg,http://whaling-data.oldweather.org/subjects/logbookofsenecab00unse_0115_thumb.jpg,2747,4526,Tue Sep 22 11:18:19 CDT 2015
116,seneca,http://whaling-data.oldweather.org/subjects/logbookofsenecab00unse_0116.jpg,http://whaling-data.oldweather.org/subjects/logbookofsenecab00unse_0116_thumb.jpg,2808,4519,Tue Sep 22 11:18:19 CDT 2015
117,seneca,http://whaling-data.oldweather.org/subjects/logbookofsenecab00unse_0117.jpg,http://whaling-data.oldweather.org/subjects/logbookofsenecab00unse_0117_thumb.jpg,3744,5616,Tue Sep 22 11:18:19 CDT 2015
118,seneca,http://whaling-data.oldweather.org/subjects/logbookofsenecab00unse_0118.jpg,http://whaling-data.oldweather.org/subjects/logbookofsenecab00unse_0118_thumb.jpg,3744,5616,Tue Sep 22 11:18:19 CDT 2015
119,seneca,http://whaling-data.oldweather.org/subjects/logbookofsenecab00unse_0119.jpg,http://whaling-data.oldweather.org/subjects/logbookofsenecab00unse_0119_thumb.jpg,2747,4526,Tue Sep 22 11:18:19 CDT 2015
120,seneca,http://whaling-data.oldweather.org/subjects/logbookofsenecab00unse_0120.jpg,http://whaling-data.oldweather.org/subjects/logbookofsenecab00unse_0120_thumb.jpg,2808,4519,Tue Sep 22 11:18:19 CDT 2015
121,seneca,http://whaling-data.oldweather.org/subjects/logbookofsenecab00unse_0121.jpg,http://whaling-data.oldweather.org/subjects/logbookofsenecab00unse_0121_thumb.jpg,2747,4526,Tue Sep 22 11:18:19 CDT 2015
122,seneca,http://whaling-data.oldweather.org/subjects/logbookofsenecab00unse_0122.jpg,http://whaling-data.oldweather.org/subjects/logbookofsenecab00unse_0122_thumb.jpg,2808,4519,Tue Sep 22 11:18:19 CDT 2015
123,seneca,http://whaling-data.oldweather.org/subjects/logbookofsenecab00unse_0123.jpg,http://whaling-data.oldweather.org/subjects/logbookofsenecab00unse_0123_thumb.jpg,2747,4526,Tue Sep 22 11:18:19 CDT 2015
124,seneca,http://whaling-data.oldweather.org/subjects/logbookofsenecab00unse_0124.jpg,http://whaling-data.oldweather.org/subjects/logbookofsenecab00unse_0124_thumb.jpg,2808,4519,Tue Sep 22 11:18:19 CDT 2015
125,seneca,http://whaling-data.oldweather.org/subjects/logbookofsenecab00unse_0125.jpg,http://whaling-data.oldweather.org/subjects/logbookofsenecab00unse_0125_thumb.jpg,2747,4526,Tue Sep 22 11:18:19 CDT 2015
126,seneca,http://whaling-data.oldweather.org/subjects/logbookofsenecab00unse_0126.jpg,http://whaling-data.oldweather.org/subjects/logbookofsenecab00unse_0126_thumb.jpg,2808,4519,Tue Sep 22 11:18:19 CDT 2015
127,seneca,http://whaling-data.oldweather.org/subjects/logbookofsenecab00unse_0127.jpg,http://whaling-data.oldweather.org/subjects/logbookofsenecab00unse_0127_thumb.jpg,2747,4526,Tue Sep 22 11:18:19 CDT 2015
128,seneca,http://whaling-data.oldweather.org/subjects/logbookofsenecab00unse_0128.jpg,http://whaling-data.oldweather.org/subjects/logbookofsenecab00unse_0128_thumb.jpg,2808,4519,Tue Sep 22 11:18:19 CDT 2015
129,seneca,http://whaling-data.oldweather.org/subjects/logbookofsenecab00unse_0129.jpg,http://whaling-data.oldweather.org/subjects/logbookofsenecab00unse_0129_thumb.jpg,2747,4526,Tue Sep 22 11:18:19 CDT 2015
130,seneca,http://whaling-data.oldweather.org/subjects/logbookofsenecab00unse_0130.jpg,http://whaling-data.oldweather.org/subjects/logbookofsenecab00unse_0130_thumb.jpg,2808,4519,Tue Sep 22 11:18:19 CDT 2015
131,seneca,http://whaling-data.oldweather.org/subjects/logbookofsenecab00unse_0131.jpg,http://whaling-data.oldweather.org/subjects/logbookofsenecab00unse_0131_thumb.jpg,2747,4526,Tue Sep 22 11:18:19 CDT 2015
132,seneca,http://whaling-data.oldweather.org/subjects/logbookofsenecab00unse_0132.jpg,http://whaling-data.oldweather.org/subjects/logbookofsenecab00unse_0132_thumb.jpg,2808,4519,Tue Sep 22 11:18:19 CDT 2015
133,seneca,http://whaling-data.oldweather.org/subjects/logbookofsenecab00unse_0133.jpg,http://whaling-data.oldweather.org/subjects/logbookofsenecab00unse_0133_thumb.jpg,2747,4526,Tue Sep 22 11:18:19 CDT 2015
134,seneca,http://whaling-data.oldweather.org/subjects/logbookofsenecab00unse_0134.jpg,http://whaling-data.oldweather.org/subjects/logbookofsenecab00unse_0134_thumb.jpg,2808,4519,Tue Sep 22 11:18:19 CDT 2015
135,seneca,http://whaling-data.oldweather.org/subjects/logbookofsenecab00unse_0135.jpg,http://whaling-data.oldweather.org/subjects/logbookofsenecab00unse_0135_thumb.jpg,2747,4526,Tue Sep 22 11:18:19 CDT 2015
136,seneca,http://whaling-data.oldweather.org/subjects/logbookofsenecab00unse_0136.jpg,http://whaling-data.oldweather.org/subjects/logbookofsenecab00unse_0136_thumb.jpg,2808,4519,Tue Sep 22 11:18:19 CDT 2015
137,seneca,http://whaling-data.oldweather.org/subjects/logbookofsenecab00unse_0137.jpg,http://whaling-data.oldweather.org/subjects/logbookofsenecab00unse_0137_thumb.jpg,2747,4526,Tue Sep 22 11:18:19 CDT 2015
138,seneca,http://whaling-data.oldweather.org/subjects/logbookofsenecab00unse_0138.jpg,http://whaling-data.oldweather.org/subjects/logbookofsenecab00unse_0138_thumb.jpg,2808,4519,Tue Sep 22 11:18:19 CDT 2015
139,seneca,http://whaling-data.oldweather.org/subjects/logbookofsenecab00unse_0139.jpg,http://whaling-data.oldweather.org/subjects/logbookofsenecab00unse_0139_thumb.jpg,2747,4526,Tue Sep 22 11:18:19 CDT 2015
140,seneca,http://whaling-data.oldweather.org/subjects/logbookofsenecab00unse_0140.jpg,http://whaling-data.oldweather.org/subjects/logbookofsenecab00unse_0140_thumb.jpg,2808,4519,Tue Sep 22 11:18:19 CDT 2015
141,seneca,http://whaling-data.oldweather.org/subjects/logbookofsenecab00unse_0141.jpg,http://whaling-data.oldweather.org/subjects/logbookofsenecab00unse_0141_thumb.jpg,2747,4526,Tue Sep 22 11:18:19 CDT 2015
142,seneca,http://whaling-data.oldweather.org/subjects/logbookofsenecab00unse_0142.jpg,http://whaling-data.oldweather.org/subjects/logbookofsenecab00unse_0142_thumb.jpg,2808,4519,Tue Sep 22 11:18:19 CDT 2015
143,seneca,http://whaling-data.oldweather.org/subjects/logbookofsenecab00unse_0143.jpg,http://whaling-data.oldweather.org/subjects/logbookofsenecab00unse_0143_thumb.jpg,2747,4526,Tue Sep 22 11:18:19 CDT 2015
144,seneca,http://whaling-data.oldweather.org/subjects/logbookofsenecab00unse_0144.jpg,http://whaling-data.oldweather.org/subjects/logbookofsenecab00unse_0144_thumb.jpg,2808,4519,Tue Sep 22 11:18:19 CDT 2015
145,seneca,http://whaling-data.oldweather.org/subjects/logbookofsenecab00unse_0145.jpg,http://whaling-data.oldweather.org/subjects/logbookofsenecab00unse_0145_thumb.jpg,2747,4526,Tue Sep 22 11:18:19 CDT 2015
146,seneca,http://whaling-data.oldweather.org/subjects/logbookofsenecab00unse_0146.jpg,http://whaling-data.oldweather.org/subjects/logbookofsenecab00unse_0146_thumb.jpg,2808,4519,Tue Sep 22 11:18:19 CDT 2015
147,seneca,http://whaling-data.oldweather.org/subjects/logbookofsenecab00unse_0147.jpg,http://whaling-data.oldweather.org/subjects/logbookofsenecab00unse_0147_thumb.jpg,2747,4526,Tue Sep 22 11:18:19 CDT 2015
148,seneca,http://whaling-data.oldweather.org/subjects/logbookofsenecab00unse_0148.jpg,http://whaling-data.oldweather.org/subjects/logbookofsenecab00unse_0148_thumb.jpg,2808,4519,Tue Sep 22 11:18:19 CDT 2015
149,seneca,http://whaling-data.oldweather.org/subjects/logbookofsenecab00unse_0149.jpg,http://whaling-data.oldweather.org/subjects/logbookofsenecab00unse_0149_thumb.jpg,2747,4526,Tue Sep 22 11:18:19 CDT 2015
150,seneca,http://whaling-data.oldweather.org/subjects/logbookofsenecab00unse_0150.jpg,http://whaling-data.oldweather.org/subjects/logbookofsenecab00unse_0150_thumb.jpg,2808,4519,Tue Sep 22 11:18:19 CDT 2015
151,seneca,http://whaling-data.oldweather.org/subjects/logbookofsenecab00unse_0151.jpg,http://whaling-data.oldweather.org/subjects/logbookofsenecab00unse_0151_thumb.jpg,2747,4526,Tue Sep 22 11:18:19 CDT 2015
152,seneca,http://whaling-data.oldweather.org/subjects/logbookofsenecab00unse_0152.jpg,http://whaling-data.oldweather.org/subjects/logbookofsenecab00unse_0152_thumb.jpg,2808,4519,Tue Sep 22 11:18:19 CDT 2015
153,seneca,http://whaling-data.oldweather.org/subjects/logbookofsenecab00unse_0153.jpg,http://whaling-data.oldweather.org/subjects/logbookofsenecab00unse_0153_thumb.jpg,2747,4526,Tue Sep 22 11:18:19 CDT 2015
154,seneca,http://whaling-data.oldweather.org/subjects/logbookofsenecab00unse_0154.jpg,http://whaling-data.oldweather.org/subjects/logbookofsenecab00unse_0154_thumb.jpg,2808,4519,Tue Sep 22 11:18:19 CDT 2015
155,seneca,http://whaling-data.oldweather.org/subjects/logbookofsenecab00unse_0155.jpg,http://whaling-data.oldweather.org/subjects/logbookofsenecab00unse_0155_thumb.jpg,2747,4526,Tue Sep 22 11:18:19 CDT 2015
156,seneca,http://whaling-data.oldweather.org/subjects/logbookofsenecab00unse_0156.jpg,http://whaling-data.oldweather.org/subjects/logbookofsenecab00unse_0156_thumb.jpg,2808,4519,Tue Sep 22 11:18:19 CDT 2015
157,seneca,http://whaling-data.oldweather.org/subjects/logbookofsenecab00unse_0157.jpg,http://whaling-data.oldweather.org/subjects/logbookofsenecab00unse_0157_thumb.jpg,2747,4526,Tue Sep 22 11:18:19 CDT 2015
158,seneca,http://whaling-data.oldweather.org/subjects/logbookofsenecab00unse_0158.jpg,http://whaling-data.oldweather.org/subjects/logbookofsenecab00unse_0158_thumb.jpg,2808,4519,Tue Sep 22 11:18:19 CDT 2015
159,seneca,http://whaling-data.oldweather.org/subjects/logbookofsenecab00unse_0159.jpg,http://whaling-data.oldweather.org/subjects/logbookofsenecab00unse_0159_thumb.jpg,2747,4526,Tue Sep 22 11:18:19 CDT 2015
160,seneca,http://whaling-data.oldweather.org/subjects/logbookofsenecab00unse_0160.jpg,http://whaling-data.oldweather.org/subjects/logbookofsenecab00unse_0160_thumb.jpg,2808,4519,Tue Sep 22 11:18:19 CDT 2015
161,seneca,http://whaling-data.oldweather.org/subjects/logbookofsenecab00unse_0161.jpg,http://whaling-data.oldweather.org/subjects/logbookofsenecab00unse_0161_thumb.jpg,2747,4526,Tue Sep 22 11:18:19 CDT 2015
162,seneca,http://whaling-data.oldweather.org/subjects/logbookofsenecab00unse_0162.jpg,http://whaling-data.oldweather.org/subjects/logbookofsenecab00unse_0162_thumb.jpg,2808,4519,Tue Sep 22 11:18:19 CDT 2015
163,seneca,http://whaling-data.oldweather.org/subjects/logbookofsenecab00unse_0163.jpg,http://whaling-data.oldweather.org/subjects/logbookofsenecab00unse_0163_thumb.jpg,2747,4526,Tue Sep 22 11:18:19 CDT 2015
164,seneca,http://whaling-data.oldweather.org/subjects/logbookofsenecab00unse_0164.jpg,http://whaling-data.oldweather.org/subjects/logbookofsenecab00unse_0164_thumb.jpg,2808,4519,Tue Sep 22 11:18:19 CDT 2015
165,seneca,http://whaling-data.oldweather.org/subjects/logbookofsenecab00unse_0165.jpg,http://whaling-data.oldweather.org/subjects/logbookofsenecab00unse_0165_thumb.jpg,2747,4526,Tue Sep 22 11:18:19 CDT 2015
166,seneca,http://whaling-data.oldweather.org/subjects/logbookofsenecab00unse_0166.jpg,http://whaling-data.oldweather.org/subjects/logbookofsenecab00unse_0166_thumb.jpg,2808,4519,Tue Sep 22 11:18:19 CDT 2015
167,seneca,http://whaling-data.oldweather.org/subjects/logbookofsenecab00unse_0167.jpg,http://whaling-data.oldweather.org/subjects/logbookofsenecab00unse_0167_thumb.jpg,2747,4526,Tue Sep 22 11:18:19 CDT 2015
168,seneca,http://whaling-data.oldweather.org/subjects/logbookofsenecab00unse_0168.jpg,http://whaling-data.oldweather.org/subjects/logbookofsenecab00unse_0168_thumb.jpg,2808,4519,Tue Sep 22 11:18:19 CDT 2015
169,seneca,http://whaling-data.oldweather.org/subjects/logbookofsenecab00unse_0169.jpg,http://whaling-data.oldweather.org/subjects/logbookofsenecab00unse_0169_thumb.jpg,2747,4526,Tue Sep 22 11:18:19 CDT 2015
170,seneca,http://whaling-data.oldweather.org/subjects/logbookofsenecab00unse_0170.jpg,http://whaling-data.oldweather.org/subjects/logbookofsenecab00unse_0170_thumb.jpg,2808,4519,Tue Sep 22 11:18:19 CDT 2015
171,seneca,http://whaling-data.oldweather.org/subjects/logbookofsenecab00unse_0171.jpg,http://whaling-data.oldweather.org/subjects/logbookofsenecab00unse_0171_thumb.jpg,2747,4526,Tue Sep 22 11:18:19 CDT 2015
172,seneca,http://whaling-data.oldweather.org/subjects/logbookofsenecab00unse_0172.jpg,http://whaling-data.oldweather.org/subjects/logbookofsenecab00unse_0172_thumb.jpg,2808,4519,Tue Sep 22 11:18:19 CDT 2015
173,seneca,http://whaling-data.oldweather.org/subjects/logbookofsenecab00unse_0173.jpg,http://whaling-data.oldweather.org/subjects/logbookofsenecab00unse_0173_thumb.jpg,2747,4526,Tue Sep 22 11:18:19 CDT 2015
174,seneca,http://whaling-data.oldweather.org/subjects/logbookofsenecab00unse_0174.jpg,http://whaling-data.oldweather.org/subjects/logbookofsenecab00unse_0174_thumb.jpg,2808,4519,Tue Sep 22 11:18:19 CDT 2015
175,seneca,http://whaling-data.oldweather.org/subjects/logbookofsenecab00unse_0175.jpg,http://whaling-data.oldweather.org/subjects/logbookofsenecab00unse_0175_thumb.jpg,2747,4526,Tue Sep 22 11:18:19 CDT 2015
176,seneca,http://whaling-data.oldweather.org/subjects/logbookofsenecab00unse_0176.jpg,http://whaling-data.oldweather.org/subjects/logbookofsenecab00unse_0176_thumb.jpg,2808,4519,Tue Sep 22 11:18:19 CDT 2015
177,seneca,http://whaling-data.oldweather.org/subjects/logbookofsenecab00unse_0177.jpg,http://whaling-data.oldweather.org/subjects/logbookofsenecab00unse_0177_thumb.jpg,2747,4526,Tue Sep 22 11:18:19 CDT 2015
178,seneca,http://whaling-data.oldweather.org/subjects/logbookofsenecab00unse_0178.jpg,http://whaling-data.oldweather.org/subjects/logbookofsenecab00unse_0178_thumb.jpg,2808,4519,Tue Sep 22 11:18:19 CDT 2015
179,seneca,http://whaling-data.oldweather.org/subjects/logbookofsenecab00unse_0179.jpg,http://whaling-data.oldweather.org/subjects/logbookofsenecab00unse_0179_thumb.jpg,2747,4526,Tue Sep 22 11:18:19 CDT 2015
180,seneca,http://whaling-data.oldweather.org/subjects/logbookofsenecab00unse_0180.jpg,http://whaling-data.oldweather.org/subjects/logbookofsenecab00unse_0180_thumb.jpg,2808,4519,Tue Sep 22 11:18:19 CDT 2015
181,seneca,http://whaling-data.oldweather.org/subjects/logbookofsenecab00unse_0181.jpg,http://whaling-data.oldweather.org/subjects/logbookofsenecab00unse_0181_thumb.jpg,2747,4526,Tue Sep 22 11:18:19 CDT 2015
182,seneca,http://whaling-data.oldweather.org/subjects/logbookofsenecab00unse_0182.jpg,http://whaling-data.oldweather.org/subjects/logbookofsenecab00unse_0182_thumb.jpg,2808,4519,Tue Sep 22 11:18:19 CDT 2015
183,seneca,http://whaling-data.oldweather.org/subjects/logbookofsenecab00unse_0183.jpg,http://whaling-data.oldweather.org/subjects/logbookofsenecab00unse_0183_thumb.jpg,2747,4526,Tue Sep 22 11:18:19 CDT 2015
184,seneca,http://whaling-data.oldweather.org/subjects/logbookofsenecab00unse_0184.jpg,http://whaling-data.oldweather.org/subjects/logbookofsenecab00unse_0184_thumb.jpg,2808,4519,Tue Sep 22 11:18:19 CDT 2015
185,seneca,http://whaling-data.oldweather.org/subjects/logbookofsenecab00unse_0185.jpg,http://whaling-data.oldweather.org/subjects/logbookofsenecab00unse_0185_thumb.jpg,2747,4526,Tue Sep 22 11:18:19 CDT 2015
186,seneca,http://whaling-data.oldweather.org/subjects/logbookofsenecab00unse_0186.jpg,http://whaling-data.oldweather.org/subjects/logbookofsenecab00unse_0186_thumb.jpg,2808,4519,Tue Sep 22 11:18:19 CDT 2015
187,seneca,http://whaling-data.oldweather.org/subjects/logbookofsenecab00unse_0187.jpg,http://whaling-data.oldweather.org/subjects/logbookofsenecab00unse_0187_thumb.jpg,2747,4526,Tue Sep 22 11:18:19 CDT 2015
188,seneca,http://whaling-data.oldweather.org/subjects/logbookofsenecab00unse_0188.jpg,http://whaling-data.oldweather.org/subjects/logbookofsenecab00unse_0188_thumb.jpg,2808,4519,Tue Sep 22 11:18:19 CDT 2015
189,seneca,http://whaling-data.oldweather.org/subjects/logbookofsenecab00unse_0189.jpg,http://whaling-data.oldweather.org/subjects/logbookofsenecab00unse_0189_thumb.jpg,2747,4526,Tue Sep 22 11:18:19 CDT 2015
190,seneca,http://whaling-data.oldweather.org/subjects/logbookofsenecab00unse_0190.jpg,http://whaling-data.oldweather.org/subjects/logbookofsenecab00unse_0190_thumb.jpg,2808,4519,Tue Sep 22 11:18:19 CDT 2015
191,seneca,http://whaling-data.oldweather.org/subjects/logbookofsenecab00unse_0191.jpg,http://whaling-data.oldweather.org/subjects/logbookofsenecab00unse_0191_thumb.jpg,2747,4526,Tue Sep 22 11:18:19 CDT 2015
192,seneca,http://whaling-data.oldweather.org/subjects/logbookofsenecab00unse_0192.jpg,http://whaling-data.oldweather.org/subjects/logbookofsenecab00unse_0192_thumb.jpg,2808,4519,Tue Sep 22 11:18:19 CDT 2015
193,seneca,http://whaling-data.oldweather.org/subjects/logbookofsenecab00unse_0193.jpg,http://whaling-data.oldweather.org/subjects/logbookofsenecab00unse_0193_thumb.jpg,2747,4526,Tue Sep 22 11:18:19 CDT 2015
194,seneca,http://whaling-data.oldweather.org/subjects/logbookofsenecab00unse_0194.jpg,http://whaling-data.oldweather.org/subjects/logbookofsenecab00unse_0194_thumb.jpg,2808,4519,Tue Sep 22 11:18:19 CDT 2015
195,seneca,http://whaling-data.oldweather.org/subjects/logbookofsenecab00unse_0195.jpg,http://whaling-data.oldweather.org/subjects/logbookofsenecab00unse_0195_thumb.jpg,2747,4526,Tue Sep 22 11:18:19 CDT 2015
196,seneca,http://whaling-data.oldweather.org/subjects/logbookofsenecab00unse_0196.jpg,http://whaling-data.oldweather.org/subjects/logbookofsenecab00unse_0196_thumb.jpg,2808,4519,Tue Sep 22 11:18:19 CDT 2015
197,seneca,http://whaling-data.oldweather.org/subjects/logbookofsenecab00unse_0197.jpg,http://whaling-data.oldweather.org/subjects/logbookofsenecab00unse_0197_thumb.jpg,2747,4526,Tue Sep 22 11:18:19 CDT 2015
198,seneca,http://whaling-data.oldweather.org/subjects/logbookofsenecab00unse_0198.jpg,http://whaling-data.oldweather.org/subjects/logbookofsenecab00unse_0198_thumb.jpg,2808,4519,Tue Sep 22 11:18:19 CDT 2015
199,seneca,http://whaling-data.oldweather.org/subjects/logbookofsenecab00unse_0199.jpg,http://whaling-data.oldweather.org/subjects/logbookofsenecab00unse_0199_thumb.jpg,2747,4526,Tue Sep 22 11:18:19 CDT 2015
200,seneca,http://whaling-data.oldweather.org/subjects/logbookofsenecab00unse_0200.jpg,http://whaling-data.oldweather.org/subjects/logbookofsenecab00unse_0200_thumb.jpg,2808,4519,Tue Sep 22 11:18:19 CDT 2015
201,seneca,http://whaling-data.oldweather.org/subjects/logbookofsenecab00unse_0201.jpg,http://whaling-data.oldweather.org/subjects/logbookofsenecab00unse_0201_thumb.jpg,2747,4526,Tue Sep 22 11:18:19 CDT 2015
202,seneca,http://whaling-data.oldweather.org/subjects/logbookofsenecab00unse_0202.jpg,http://whaling-data.oldweather.org/subjects/logbookofsenecab00unse_0202_thumb.jpg,2808,4519,Tue Sep 22 11:18:19 CDT 2015
203,seneca,http://whaling-data.oldweather.org/subjects/logbookofsenecab00unse_0203.jpg,http://whaling-data.oldweather.org/subjects/logbookofsenecab00unse_0203_thumb.jpg,2747,4526,Tue Sep 22 11:18:19 CDT 2015
204,seneca,http://whaling-data.oldweather.org/subjects/logbookofsenecab00unse_0204.jpg,http://whaling-data.oldweather.org/subjects/logbookofsenecab00unse_0204_thumb.jpg,2808,4519,Tue Sep 22 11:18:19 CDT 2015
205,seneca,http://whaling-data.oldweather.org/subjects/logbookofsenecab00unse_0205.jpg,http://whaling-data.oldweather.org/subjects/logbookofsenecab00unse_0205_thumb.jpg,2747,4526,Tue Sep 22 11:18:19 CDT 2015
206,seneca,http://whaling-data.oldweather.org/subjects/logbookofsenecab00unse_0206.jpg,http://whaling-data.oldweather.org/subjects/logbookofsenecab00unse_0206_thumb.jpg,2808,4519,Tue Sep 22 11:18:19 CDT 2015
207,seneca,http://whaling-data.oldweather.org/subjects/logbookofsenecab00unse_0207.jpg,http://whaling-data.oldweather.org/subjects/logbookofsenecab00unse_0207_thumb.jpg,2747,4526,Tue Sep 22 11:18:19 CDT 2015
208,seneca,http://whaling-data.oldweather.org/subjects/logbookofsenecab00unse_0208.jpg,http://whaling-data.oldweather.org/subjects/logbookofsenecab00unse_0208_thumb.jpg,2808,4519,Tue Sep 22 11:18:19 CDT 2015
209,seneca,http://whaling-data.oldweather.org/subjects/logbookofsenecab00unse_0209.jpg,http://whaling-data.oldweather.org/subjects/logbookofsenecab00unse_0209_thumb.jpg,2747,4526,Tue Sep 22 11:18:19 CDT 2015
210,seneca,http://whaling-data.oldweather.org/subjects/logbookofsenecab00unse_0210.jpg,http://whaling-data.oldweather.org/subjects/logbookofsenecab00unse_0210_thumb.jpg,2808,4519,Tue Sep 22 11:18:19 CDT 2015
211,seneca,http://whaling-data.oldweather.org/subjects/logbookofsenecab00unse_0211.jpg,http://whaling-data.oldweather.org/subjects/logbookofsenecab00unse_0211_thumb.jpg,2747,4526,Tue Sep 22 11:18:19 CDT 2015
212,seneca,http://whaling-data.oldweather.org/subjects/logbookofsenecab00unse_0212.jpg,http://whaling-data.oldweather.org/subjects/logbookofsenecab00unse_0212_thumb.jpg,2808,4519,Tue Sep 22 11:18:19 CDT 2015
213,seneca,http://whaling-data.oldweather.org/subjects/logbookofsenecab00unse_0213.jpg,http://whaling-data.oldweather.org/subjects/logbookofsenecab00unse_0213_thumb.jpg,2747,4526,Tue Sep 22 11:18:19 CDT 2015
214,seneca,http://whaling-data.oldweather.org/subjects/logbookofsenecab00unse_0214.jpg,http://whaling-data.oldweather.org/subjects/logbookofsenecab00unse_0214_thumb.jpg,2808,4519,Tue Sep 22 11:18:19 CDT 2015
215,seneca,http://whaling-data.oldweather.org/subjects/logbookofsenecab00unse_0215.jpg,http://whaling-data.oldweather.org/subjects/logbookofsenecab00unse_0215_thumb.jpg,2747,4526,Tue Sep 22 11:18:19 CDT 2015
216,seneca,http://whaling-data.oldweather.org/subjects/logbookofsenecab00unse_0216.jpg,http://whaling-data.oldweather.org/subjects/logbookofsenecab00unse_0216_thumb.jpg,2808,4519,Tue Sep 22 11:18:19 CDT 2015
217,seneca,http://whaling-data.oldweather.org/subjects/logbookofsenecab00unse_0217.jpg,http://whaling-data.oldweather.org/subjects/logbookofsenecab00unse_0217_thumb.jpg,2747,4526,Tue Sep 22 11:18:19 CDT 2015
218,seneca,http://whaling-data.oldweather.org/subjects/logbookofsenecab00unse_0218.jpg,http://whaling-data.oldweather.org/subjects/logbookofsenecab00unse_0218_thumb.jpg,2808,4519,Tue Sep 22 11:18:19 CDT 2015
219,seneca,http://whaling-data.oldweather.org/subjects/logbookofsenecab00unse_0219.jpg,http://whaling-data.oldweather.org/subjects/logbookofsenecab00unse_0219_thumb.jpg,2747,4526,Tue Sep 22 11:18:19 CDT 2015
220,seneca,http://whaling-data.oldweather.org/subjects/logbookofsenecab00unse_0220.jpg,http://whaling-data.oldweather.org/subjects/logbookofsenecab00unse_0220_thumb.jpg,2808,4519,Tue Sep 22 11:18:19 CDT 2015
221,seneca,http://whaling-data.oldweather.org/subjects/logbookofsenecab00unse_0221.jpg,http://whaling-data.oldweather.org/subjects/logbookofsenecab00unse_0221_thumb.jpg,2747,4526,Tue Sep 22 11:18:19 CDT 2015
222,seneca,http://whaling-data.oldweather.org/subjects/logbookofsenecab00unse_0222.jpg,http://whaling-data.oldweather.org/subjects/logbookofsenecab00unse_0222_thumb.jpg,2808,4519,Tue Sep 22 11:18:19 CDT 2015
223,seneca,http://whaling-data.oldweather.org/subjects/logbookofsenecab00unse_0223.jpg,http://whaling-data.oldweather.org/subjects/logbookofsenecab00unse_0223_thumb.jpg,2747,4526,Tue Sep 22 11:18:19 CDT 2015
224,seneca,http://whaling-data.oldweather.org/subjects/logbookofsenecab00unse_0224.jpg,http://whaling-data.oldweather.org/subjects/logbookofsenecab00unse_0224_thumb.jpg,2808,4519,Tue Sep 22 11:18:19 CDT 2015
225,seneca,http://whaling-data.oldweather.org/subjects/logbookofsenecab00unse_0225.jpg,http://whaling-data.oldweather.org/subjects/logbookofsenecab00unse_0225_thumb.jpg,2747,4526,Tue Sep 22 11:18:19 CDT 2015
226,seneca,http://whaling-data.oldweather.org/subjects/logbookofsenecab00unse_0226.jpg,http://whaling-data.oldweather.org/subjects/logbookofsenecab00unse_0226_thumb.jpg,2808,4519,Tue Sep 22 11:18:19 CDT 2015
227,seneca,http://whaling-data.oldweather.org/subjects/logbookofsenecab00unse_0227.jpg,http://whaling-data.oldweather.org/subjects/logbookofsenecab00unse_0227_thumb.jpg,2747,4526,Tue Sep 22 11:18:19 CDT 2015
228,seneca,http://whaling-data.oldweather.org/subjects/logbookofsenecab00unse_0228.jpg,http://whaling-data.oldweather.org/subjects/logbookofsenecab00unse_0228_thumb.jpg,2808,4519,Tue Sep 22 11:18:19 CDT 2015
229,seneca,http://whaling-data.oldweather.org/subjects/logbookofsenecab00unse_0229.jpg,http://whaling-data.oldweather.org/subjects/logbookofsenecab00unse_0229_thumb.jpg,2747,4526,Tue Sep 22 11:18:19 CDT 2015
230,seneca,http://whaling-data.oldweather.org/subjects/logbookofsenecab00unse_0230.jpg,http://whaling-data.oldweather.org/subjects/logbookofsenecab00unse_0230_thumb.jpg,2808,4519,Tue Sep 22 11:18:19 CDT 2015
231,seneca,http://whaling-data.oldweather.org/subjects/logbookofsenecab00unse_0231.jpg,http://whaling-data.oldweather.org/subjects/logbookofsenecab00unse_0231_thumb.jpg,2747,4526,Tue Sep 22 11:18:19 CDT 2015
232,seneca,http://whaling-data.oldweather.org/subjects/logbookofsenecab00unse_0232.jpg,http://whaling-data.oldweather.org/subjects/logbookofsenecab00unse_0232_thumb.jpg,2808,4519,Tue Sep 22 11:18:19 CDT 2015
233,seneca,http://whaling-data.oldweather.org/subjects/logbookofsenecab00unse_0233.jpg,http://whaling-data.oldweather.org/subjects/logbookofsenecab00unse_0233_thumb.jpg,2747,4526,Tue Sep 22 11:18:19 CDT 2015
234,seneca,http://whaling-data.oldweather.org/subjects/logbookofsenecab00unse_0234.jpg,http://whaling-data.oldweather.org/subjects/logbookofsenecab00unse_0234_thumb.jpg,2808,4519,Tue Sep 22 11:18:19 CDT 2015
235,seneca,http://whaling-data.oldweather.org/subjects/logbookofsenecab00unse_0235.jpg,http://whaling-data.oldweather.org/subjects/logbookofsenecab00unse_0235_thumb.jpg,2747,4526,Tue Sep 22 11:18:19 CDT 2015
236,seneca,http://whaling-data.oldweather.org/subjects/logbookofsenecab00unse_0236.jpg,http://whaling-data.oldweather.org/subjects/logbookofsenecab00unse_0236_thumb.jpg,2808,4519,Tue Sep 22 11:18:19 CDT 2015
237,seneca,http://whaling-data.oldweather.org/subjects/logbookofsenecab00unse_0237.jpg,http://whaling-data.oldweather.org/subjects/logbookofsenecab00unse_0237_thumb.jpg,2747,4526,Tue Sep 22 11:18:19 CDT 2015
238,seneca,http://whaling-data.oldweather.org/subjects/logbookofsenecab00unse_0238.jpg,http://whaling-data.oldweather.org/subjects/logbookofsenecab00unse_0238_thumb.jpg,2808,4519,Tue Sep 22 11:18:19 CDT 2015
239,seneca,http://whaling-data.oldweather.org/subjects/logbookofsenecab00unse_0239.jpg,http://whaling-data.oldweather.org/subjects/logbookofsenecab00unse_0239_thumb.jpg,2747,4526,Tue Sep 22 11:18:19 CDT 2015
240,seneca,http://whaling-data.oldweather.org/subjects/logbookofsenecab00unse_0240.jpg,http://whaling-data.oldweather.org/subjects/logbookofsenecab00unse_0240_thumb.jpg,2808,4519,Tue Sep 22 11:18:19 CDT 2015
241,seneca,http://whaling-data.oldweather.org/subjects/logbookofsenecab00unse_0241.jpg,http://whaling-data.oldweather.org/subjects/logbookofsenecab00unse_0241_thumb.jpg,2747,4526,Tue Sep 22 11:18:19 CDT 2015
242,seneca,http://whaling-data.oldweather.org/subjects/logbookofsenecab00unse_0242.jpg,http://whaling-data.oldweather.org/subjects/logbookofsenecab00unse_0242_thumb.jpg,2808,4519,Tue Sep 22 11:18:19 CDT 2015
243,seneca,http://whaling-data.oldweather.org/subjects/logbookofsenecab00unse_0243.jpg,http://whaling-data.oldweather.org/subjects/logbookofsenecab00unse_0243_thumb.jpg,2747,4526,Tue Sep 22 11:18:19 CDT 2015
244,seneca,http://whaling-data.oldweather.org/subjects/logbookofsenecab00unse_0244.jpg,http://whaling-data.oldweather.org/subjects/logbookofsenecab00unse_0244_thumb.jpg,2808,4519,Tue Sep 22 11:18:19 CDT 2015
245,seneca,http://whaling-data.oldweather.org/subjects/logbookofsenecab00unse_0245.jpg,http://whaling-data.oldweather.org/subjects/logbookofsenecab00unse_0245_thumb.jpg,2747,4526,Tue Sep 22 11:18:19 CDT 2015
246,seneca,http://whaling-data.oldweather.org/subjects/logbookofsenecab00unse_0246.jpg,http://whaling-data.oldweather.org/subjects/logbookofsenecab00unse_0246_thumb.jpg,2808,4519,Tue Sep 22 11:18:19 CDT 2015
247,seneca,http://whaling-data.oldweather.org/subjects/logbookofsenecab00unse_0247.jpg,http://whaling-data.oldweather.org/subjects/logbookofsenecab00unse_0247_thumb.jpg,2747,4526,Tue Sep 22 11:18:19 CDT 2015
248,seneca,http://whaling-data.oldweather.org/subjects/logbookofsenecab00unse_0248.jpg,http://whaling-data.oldweather.org/subjects/logbookofsenecab00unse_0248_thumb.jpg,2808,4519,Tue Sep 22 11:18:19 CDT 2015
249,seneca,http://whaling-data.oldweather.org/subjects/logbookofsenecab00unse_0249.jpg,http://whaling-data.oldweather.org/subjects/logbookofsenecab00unse_0249_thumb.jpg,2747,4526,Tue Sep 22 11:18:19 CDT 2015
250,seneca,http://whaling-data.oldweather.org/subjects/logbookofsenecab00unse_0250.jpg,http://whaling-data.oldweather.org/subjects/logbookofsenecab00unse_0250_thumb.jpg,2808,4519,Tue Sep 22 11:18:19 CDT 2015
251,seneca,http://whaling-data.oldweather.org/subjects/logbookofsenecab00unse_0251.jpg,http://whaling-data.oldweather.org/subjects/logbookofsenecab00unse_0251_thumb.jpg,2747,4526,Tue Sep 22 11:18:19 CDT 2015
252,seneca,http://whaling-data.oldweather.org/subjects/logbookofsenecab00unse_0252.jpg,http://whaling-data.oldweather.org/subjects/logbookofsenecab00unse_0252_thumb.jpg,2808,4519,Tue Sep 22 11:18:19 CDT 2015
253,seneca,http://whaling-data.oldweather.org/subjects/logbookofsenecab00unse_0253.jpg,http://whaling-data.oldweather.org/subjects/logbookofsenecab00unse_0253_thumb.jpg,2747,4526,Tue Sep 22 11:18:19 CDT 2015
254,seneca,http://whaling-data.oldweather.org/subjects/logbookofsenecab00unse_0254.jpg,http://whaling-data.oldweather.org/subjects/logbookofsenecab00unse_0254_thumb.jpg,2808,4519,Tue Sep 22 11:18:19 CDT 2015
255,seneca,http://whaling-data.oldweather.org/subjects/logbookofsenecab00unse_0255.jpg,http://whaling-data.oldweather.org/subjects/logbookofsenecab00unse_0255_thumb.jpg,2747,4526,Tue Sep 22 11:18:19 CDT 2015
256,seneca,http://whaling-data.oldweather.org/subjects/logbookofsenecab00unse_0256.jpg,http://whaling-data.oldweather.org/subjects/logbookofsenecab00unse_0256_thumb.jpg,2808,4519,Tue Sep 22 11:18:19 CDT 2015
257,seneca,http://whaling-data.oldweather.org/subjects/logbookofsenecab00unse_0257.jpg,http://whaling-data.oldweather.org/subjects/logbookofsenecab00unse_0257_thumb.jpg,2747,4526,Tue Sep 22 11:18:19 CDT 2015
258,seneca,http://whaling-data.oldweather.org/subjects/logbookofsenecab00unse_0258.jpg,http://whaling-data.oldweather.org/subjects/logbookofsenecab00unse_0258_thumb.jpg,2808,4519,Tue Sep 22 11:18:19 CDT 2015
259,seneca,http://whaling-data.oldweather.org/subjects/logbookofsenecab00unse_0259.jpg,http://whaling-data.oldweather.org/subjects/logbookofsenecab00unse_0259_thumb.jpg,2747,4526,Tue Sep 22 11:18:19 CDT 2015
260,seneca,http://whaling-data.oldweather.org/subjects/logbookofsenecab00unse_0260.jpg,http://whaling-data.oldweather.org/subjects/logbookofsenecab00unse_0260_thumb.jpg,2808,4519,Tue Sep 22 11:18:19 CDT 2015
261,seneca,http://whaling-data.oldweather.org/subjects/logbookofsenecab00unse_0261.jpg,http://whaling-data.oldweather.org/subjects/logbookofsenecab00unse_0261_thumb.jpg,2747,4526,Tue Sep 22 11:18:19 CDT 2015
262,seneca,http://whaling-data.oldweather.org/subjects/logbookofsenecab00unse_0262.jpg,http://whaling-data.oldweather.org/subjects/logbookofsenecab00unse_0262_thumb.jpg,2808,4519,Tue Sep 22 11:18:19 CDT 2015
263,seneca,http://whaling-data.oldweather.org/subjects/logbookofsenecab00unse_0263.jpg,http://whaling-data.oldweather.org/subjects/logbookofsenecab00unse_0263_thumb.jpg,2747,4526,Tue Sep 22 11:18:19 CDT 2015
264,seneca,http://whaling-data.oldweather.org/subjects/logbookofsenecab00unse_0264.jpg,http://whaling-data.oldweather.org/subjects/logbookofsenecab00unse_0264_thumb.jpg,2808,4519,Tue Sep 22 11:18:19 CDT 2015
265,seneca,http://whaling-data.oldweather.org/subjects/logbookofsenecab00unse_0265.jpg,http://whaling-data.oldweather.org/subjects/logbookofsenecab00unse_0265_thumb.jpg,2747,4526,Tue Sep 22 11:18:19 CDT 2015
266,seneca,http://whaling-data.oldweather.org/subjects/logbookofsenecab00unse_0266.jpg,http://whaling-data.oldweather.org/subjects/logbookofsenecab00unse_0266_thumb.jpg,2808,4519,Tue Sep 22 11:18:19 CDT 2015
267,seneca,http://whaling-data.oldweather.org/subjects/logbookofsenecab00unse_0267.jpg,http://whaling-data.oldweather.org/subjects/logbookofsenecab00unse_0267_thumb.jpg,2747,4526,Tue Sep 22 11:18:19 CDT 2015
268,seneca,http://whaling-data.oldweather.org/subjects/logbookofsenecab00unse_0268.jpg,http://whaling-data.oldweather.org/subjects/logbookofsenecab00unse_0268_thumb.jpg,2808,4519,Tue Sep 22 11:18:19 CDT 2015
269,seneca,http://whaling-data.oldweather.org/subjects/logbookofsenecab00unse_0269.jpg,http://whaling-data.oldweather.org/subjects/logbookofsenecab00unse_0269_thumb.jpg,2747,4526,Tue Sep 22 11:18:19 CDT 2015
270,seneca,http://whaling-data.oldweather.org/subjects/logbookofsenecab00unse_0270.jpg,http://whaling-data.oldweather.org/subjects/logbookofsenecab00unse_0270_thumb.jpg,2808,4519,Tue Sep 22 11:18:19 CDT 2015
271,seneca,http://whaling-data.oldweather.org/subjects/logbookofsenecab00unse_0271.jpg,http://whaling-data.oldweather.org/subjects/logbookofsenecab00unse_0271_thumb.jpg,2747,4526,Tue Sep 22 11:18:19 CDT 2015
272,seneca,http://whaling-data.oldweather.org/subjects/logbookofsenecab00unse_0272.jpg,http://whaling-data.oldweather.org/subjects/logbookofsenecab00unse_0272_thumb.jpg,2808,4519,Tue Sep 22 11:18:19 CDT 2015
273,seneca,http://whaling-data.oldweather.org/subjects/logbookofsenecab00unse_0273.jpg,http://whaling-data.oldweather.org/subjects/logbookofsenecab00unse_0273_thumb.jpg,2747,4526,Tue Sep 22 11:18:19 CDT 2015
274,seneca,http://whaling-data.oldweather.org/subjects/logbookofsenecab00unse_0274.jpg,http://whaling-data.oldweather.org/subjects/logbookofsenecab00unse_0274_thumb.jpg,2808,4519,Tue Sep 22 11:18:19 CDT 2015
275,seneca,http://whaling-data.oldweather.org/subjects/logbookofsenecab00unse_0275.jpg,http://whaling-data.oldweather.org/subjects/logbookofsenecab00unse_0275_thumb.jpg,2747,4526,Tue Sep 22 11:18:19 CDT 2015
276,seneca,http://whaling-data.oldweather.org/subjects/logbookofsenecab00unse_0276.jpg,http://whaling-data.oldweather.org/subjects/logbookofsenecab00unse_0276_thumb.jpg,2808,4519,Tue Sep 22 11:18:19 CDT 2015
277,seneca,http://whaling-data.oldweather.org/subjects/logbookofsenecab00unse_0277.jpg,http://whaling-data.oldweather.org/subjects/logbookofsenecab00unse_0277_thumb.jpg,2747,4526,Tue Sep 22 11:18:19 CDT 2015
278,seneca,http://whaling-data.oldweather.org/subjects/logbookofsenecab00unse_0278.jpg,http://whaling-data.oldweather.org/subjects/logbookofsenecab00unse_0278_thumb.jpg,2808,4519,Tue Sep 22 11:18:19 CDT 2015
279,seneca,http://whaling-data.oldweather.org/subjects/logbookofsenecab00unse_0279.jpg,http://whaling-data.oldweather.org/subjects/logbookofsenecab00unse_0279_thumb.jpg,2747,4526,Tue Sep 22 11:18:19 CDT 2015
280,seneca,http://whaling-data.oldweather.org/subjects/logbookofsenecab00unse_0280.jpg,http://whaling-data.oldweather.org/subjects/logbookofsenecab00unse_0280_thumb.jpg,2808,4519,Tue Sep 22 11:18:19 CDT 2015
281,seneca,http://whaling-data.oldweather.org/subjects/logbookofsenecab00unse_0281.jpg,http://whaling-data.oldweather.org/subjects/logbookofsenecab00unse_0281_thumb.jpg,2747,4526,Tue Sep 22 11:18:19 CDT 2015
282,seneca,http://whaling-data.oldweather.org/subjects/logbookofsenecab00unse_0282.jpg,http://whaling-data.oldweather.org/subjects/logbookofsenecab00unse_0282_thumb.jpg,2808,4519,Tue Sep 22 11:18:19 CDT 2015
283,seneca,http://whaling-data.oldweather.org/subjects/logbookofsenecab00unse_0283.jpg,http://whaling-data.oldweather.org/subjects/logbookofsenecab00unse_0283_thumb.jpg,2747,4526,Tue Sep 22 11:18:19 CDT 2015
284,seneca,http://whaling-data.oldweather.org/subjects/logbookofsenecab00unse_0284.jpg,http://whaling-data.oldweather.org/subjects/logbookofsenecab00unse_0284_thumb.jpg,2808,4519,Tue Sep 22 11:18:19 CDT 2015
285,seneca,http://whaling-data.oldweather.org/subjects/logbookofsenecab00unse_0285.jpg,http://whaling-data.oldweather.org/subjects/logbookofsenecab00unse_0285_thumb.jpg,2747,4526,Tue Sep 22 11:18:19 CDT 2015
286,seneca,http://whaling-data.oldweather.org/subjects/logbookofsenecab00unse_0286.jpg,http://whaling-data.oldweather.org/subjects/logbookofsenecab00unse_0286_thumb.jpg,2808,4519,Tue Sep 22 11:18:19 CDT 2015
287,seneca,http://whaling-data.oldweather.org/subjects/logbookofsenecab00unse_0287.jpg,http://whaling-data.oldweather.org/subjects/logbookofsenecab00unse_0287_thumb.jpg,2747,4526,Tue Sep 22 11:18:19 CDT 2015
288,seneca,http://whaling-data.oldweather.org/subjects/logbookofsenecab00unse_0288.jpg,http://whaling-data.oldweather.org/subjects/logbookofsenecab00unse_0288_thumb.jpg,2808,4519,Tue Sep 22 11:18:19 CDT 2015
289,seneca,http://whaling-data.oldweather.org/subjects/logbookofsenecab00unse_0289.jpg,http://whaling-data.oldweather.org/subjects/logbookofsenecab00unse_0289_thumb.jpg,2747,4526,Tue Sep 22 11:18:19 CDT 2015
290,seneca,http://whaling-data.oldweather.org/subjects/logbookofsenecab00unse_0290.jpg,http://whaling-data.oldweather.org/subjects/logbookofsenecab00unse_0290_thumb.jpg,2808,4519,Tue Sep 22 11:18:19 CDT 2015
291,seneca,http://whaling-data.oldweather.org/subjects/logbookofsenecab00unse_0291.jpg,http://whaling-data.oldweather.org/subjects/logbookofsenecab00unse_0291_thumb.jpg,2747,4526,Tue Sep 22 11:18:19 CDT 2015
292,seneca,http://whaling-data.oldweather.org/subjects/logbookofsenecab00unse_0292.jpg,http://whaling-data.oldweather.org/subjects/logbookofsenecab00unse_0292_thumb.jpg,2808,4519,Tue Sep 22 11:18:19 CDT 2015
293,seneca,http://whaling-data.oldweather.org/subjects/logbookofsenecab00unse_0293.jpg,http://whaling-data.oldweather.org/subjects/logbookofsenecab00unse_0293_thumb.jpg,2747,4526,Tue Sep 22 11:18:19 CDT 2015
294,seneca,http://whaling-data.oldweather.org/subjects/logbookofsenecab00unse_0294.jpg,http://whaling-data.oldweather.org/subjects/logbookofsenecab00unse_0294_thumb.jpg,2808,4519,Tue Sep 22 11:18:19 CDT 2015
295,seneca,http://whaling-data.oldweather.org/subjects/logbookofsenecab00unse_0295.jpg,http://whaling-data.oldweather.org/subjects/logbookofsenecab00unse_0295_thumb.jpg,2747,4526,Tue Sep 22 11:18:19 CDT 2015
296,seneca,http://whaling-data.oldweather.org/subjects/logbookofsenecab00unse_0296.jpg,http://whaling-data.oldweather.org/subjects/logbookofsenecab00unse_0296_thumb.jpg,2808,4519,Tue Sep 22 11:18:19 CDT 2015
297,seneca,http://whaling-data.oldweather.org/subjects/logbookofsenecab00unse_0297.jpg,http://whaling-data.oldweather.org/subjects/logbookofsenecab00unse_0297_thumb.jpg,2747,4526,Tue Sep 22 11:18:19 CDT 2015
298,seneca,http://whaling-data.oldweather.org/subjects/logbookofsenecab00unse_0298.jpg,http://whaling-data.oldweather.org/subjects/logbookofsenecab00unse_0298_thumb.jpg,2808,4519,Tue Sep 22 11:18:19 CDT 2015
299,seneca,http://whaling-data.oldweather.org/subjects/logbookofsenecab00unse_0299.jpg,http://whaling-data.oldweather.org/subjects/logbookofsenecab00unse_0299_thumb.jpg,3744,5616,Tue Sep 22 11:18:19 CDT 2015
300,seneca,http://whaling-data.oldweather.org/subjects/logbookofsenecab00unse_0300.jpg,http://whaling-data.oldweather.org/subjects/logbookofsenecab00unse_0300_thumb.jpg,3744,5616,Tue Sep 22 11:18:19 CDT 2015
301,seneca,http://whaling-data.oldweather.org/subjects/logbookofsenecab00unse_0301.jpg,http://whaling-data.oldweather.org/subjects/logbookofsenecab00unse_0301_thumb.jpg,2747,4526,Tue Sep 22 11:18:19 CDT 2015
302,seneca,http://whaling-data.oldweather.org/subjects/logbookofsenecab00unse_0302.jpg,http://whaling-data.oldweather.org/subjects/logbookofsenecab00unse_0302_thumb.jpg,2777,4325,Tue Sep 22 11:18:19 CDT 2015
