order,set_key,file_path,thumbnail,width,height,date_created,zooniverse_id
1,Baylies 1890,https://panoptes-uploads.zooniverse.org/production/subject_location/09ec1478-40bb-492b-8b60-1e8244174377.jpeg,https://panoptes-uploads.zooniverse.org/production/subject_location/174b0cdd-9bf0-4d00-86a2-6364dc97d9a5.jpeg,911,1399,Fri May 05 16:49:47 2017,9631100
2,Baylies 1890,https://panoptes-uploads.zooniverse.org/production/subject_location/2c2fbadc-45a8-410f-a7de-1db35b581b10.jpeg,https://panoptes-uploads.zooniverse.org/production/subject_location/cfe61cda-9164-43cd-acc3-a75e92395033.jpeg,919,1399,Fri May 05 16:49:47 2017,9631101
3,Baylies 1890,https://panoptes-uploads.zooniverse.org/production/subject_location/ffb89640-4822-441e-98c9-85f8131d1b5b.jpeg,https://panoptes-uploads.zooniverse.org/production/subject_location/4e53d5df-df59-496a-9ca2-24d561af146f.jpeg,911,1399,Fri May 05 16:49:47 2017,9631366
4,Baylies 1890,https://panoptes-uploads.zooniverse.org/production/subject_location/1a6da6c5-851f-43c7-bb86-b6fae8e8b14e.jpeg,https://panoptes-uploads.zooniverse.org/production/subject_location/0392d718-12b3-4840-b42c-75df9bac58e1.jpeg,919,1399,Fri May 05 16:49:47 2017,9631367
5,Baylies 1890,https://panoptes-uploads.zooniverse.org/production/subject_location/58db8c15-e3df-41dc-a7f4-c3373ed65990.jpeg,https://panoptes-uploads.zooniverse.org/production/subject_location/42d793f6-f29f-462f-902d-999f43bc99bd.jpeg,911,1399,Fri May 05 16:49:48 2017,9631368
6,Baylies 1890,https://panoptes-uploads.zooniverse.org/production/subject_location/9e9cc130-7232-4245-9c85-2465fbf391cb.jpeg,https://panoptes-uploads.zooniverse.org/production/subject_location/c2879241-de24-4c9b-92fb-576f19613486.jpeg,919,1399,Fri May 05 16:49:48 2017,9631369
7,Baylies 1890,https://panoptes-uploads.zooniverse.org/production/subject_location/30635656-eec5-48f7-920a-915641e81f8a.jpeg,https://panoptes-uploads.zooniverse.org/production/subject_location/34d2b3cf-8b50-4a70-8cea-e58f697bf3dc.jpeg,911,1399,Fri May 05 16:49:48 2017,9631370
8,Baylies 1890,https://panoptes-uploads.zooniverse.org/production/subject_location/37952b8a-97fe-426e-a003-4da9336945e5.jpeg,https://panoptes-uploads.zooniverse.org/production/subject_location/ac8d7192-55a3-4fda-a0c9-804a842b9c8d.jpeg,919,1399,Fri May 05 16:49:48 2017,9631371
9,Baylies 1890,https://panoptes-uploads.zooniverse.org/production/subject_location/90101514-0469-421d-8208-b2baf340bff4.jpeg,https://panoptes-uploads.zooniverse.org/production/subject_location/bbdb6797-ed1f-43ea-93da-592e64e848b0.jpeg,911,1399,Fri May 05 16:49:48 2017,9631372
10,Baylies 1890,https://panoptes-uploads.zooniverse.org/production/subject_location/c7b921b3-2671-4669-a3ce-18be6fd87f1e.jpeg,https://panoptes-uploads.zooniverse.org/production/subject_location/b59d9688-9388-462f-8c4b-604623655ec5.jpeg,919,1399,Fri May 05 16:49:48 2017,9631373
11,Baylies 1890,https://panoptes-uploads.zooniverse.org/production/subject_location/029d6389-e645-4b46-8561-97f596c90412.jpeg,https://panoptes-uploads.zooniverse.org/production/subject_location/18a9f6f6-f191-4036-b3ba-6118332d8dc1.jpeg,911,1399,Fri May 05 16:49:48 2017,9631374
12,Baylies 1890,https://panoptes-uploads.zooniverse.org/production/subject_location/a6d55b5b-e9b7-4f18-9190-9096884415c4.jpeg,https://panoptes-uploads.zooniverse.org/production/subject_location/04faeb97-48fe-4caf-be21-7043f3ae5d64.jpeg,919,1399,Fri May 05 16:49:48 2017,9631375
13,Baylies 1890,https://panoptes-uploads.zooniverse.org/production/subject_location/bcbc6ee5-1159-40ee-b1ac-6a09535279ba.jpeg,https://panoptes-uploads.zooniverse.org/production/subject_location/251ffb63-33cb-454d-8e87-236985003335.jpeg,911,1399,Fri May 05 16:49:48 2017,9631376
14,Baylies 1890,https://panoptes-uploads.zooniverse.org/production/subject_location/ba7a0763-bf72-4bee-9482-fd89038d2df8.jpeg,https://panoptes-uploads.zooniverse.org/production/subject_location/c117f814-98bd-47cc-8889-3d6ea1d41ddf.jpeg,919,1399,Fri May 05 16:49:48 2017,9631377
15,Baylies 1890,https://panoptes-uploads.zooniverse.org/production/subject_location/22b7df35-b661-4445-a7a5-aefe07730177.jpeg,https://panoptes-uploads.zooniverse.org/production/subject_location/dc2d85f0-78b8-4fbe-bae9-5e177171e709.jpeg,911,1399,Fri May 05 16:49:49 2017,9631378
16,Baylies 1890,https://panoptes-uploads.zooniverse.org/production/subject_location/48506d8c-5183-4d31-8f1c-0be56af3aa39.jpeg,https://panoptes-uploads.zooniverse.org/production/subject_location/5337f40a-1d91-4b70-b451-82b97e6400dd.jpeg,919,1399,Fri May 05 16:49:49 2017,9631379
17,Baylies 1890,https://panoptes-uploads.zooniverse.org/production/subject_location/8ced46ab-55de-4345-8821-d51b3893604c.jpeg,https://panoptes-uploads.zooniverse.org/production/subject_location/ef20bb24-123f-4f90-a79e-a23609484d21.jpeg,911,1399,Fri May 05 16:49:49 2017,9631380
18,Baylies 1890,https://panoptes-uploads.zooniverse.org/production/subject_location/01003d11-9128-4a20-b126-59a0be94598b.jpeg,https://panoptes-uploads.zooniverse.org/production/subject_location/a25dba6b-8141-430c-97b2-5a740d23050e.jpeg,919,1399,Fri May 05 16:49:49 2017,9631381
19,Baylies 1890,https://panoptes-uploads.zooniverse.org/production/subject_location/34072f71-7888-4bd4-9a53-a737edde5611.jpeg,https://panoptes-uploads.zooniverse.org/production/subject_location/2c434682-480f-49dd-a900-431baa0b9ad1.jpeg,911,1399,Fri May 05 16:49:49 2017,9631382
20,Baylies 1890,https://panoptes-uploads.zooniverse.org/production/subject_location/9dcbec06-c064-494a-b93b-c3dc3b5b7e15.jpeg,https://panoptes-uploads.zooniverse.org/production/subject_location/20bf2ba9-7106-4df2-9973-abd9b5e60054.jpeg,919,1399,Fri May 05 16:49:49 2017,9631383
21,Baylies 1890,https://panoptes-uploads.zooniverse.org/production/subject_location/2f063517-3800-41f8-83c6-6b24d56d4cf3.jpeg,https://panoptes-uploads.zooniverse.org/production/subject_location/591a5642-a8f2-4898-a46b-e535414499e4.jpeg,911,1399,Fri May 05 16:49:49 2017,9631384
22,Baylies 1890,https://panoptes-uploads.zooniverse.org/production/subject_location/bf3fb06a-07e5-4634-95ac-b34014f2bc64.jpeg,https://panoptes-uploads.zooniverse.org/production/subject_location/739bdec2-309a-4694-a187-9a7f25b1d7dc.jpeg,919,1399,Fri May 05 16:49:49 2017,9631385
23,Baylies 1890,https://panoptes-uploads.zooniverse.org/production/subject_location/2a98260b-5742-4e40-ad66-f7cfdc8e918a.jpeg,https://panoptes-uploads.zooniverse.org/production/subject_location/e148bcab-2352-473c-a57b-c8c8a9a7c79c.jpeg,911,1399,Fri May 05 16:49:49 2017,9631386
24,Baylies 1890,https://panoptes-uploads.zooniverse.org/production/subject_location/7d3b5c10-b4ce-40c9-8a37-988db72bb1e5.jpeg,https://panoptes-uploads.zooniverse.org/production/subject_location/3152a08b-e806-4d87-8ab4-e437548d7c39.jpeg,919,1399,Fri May 05 16:49:49 2017,9631387
25,Baylies 1890,https://panoptes-uploads.zooniverse.org/production/subject_location/12e2c6c3-1eb8-4806-801a-126f0980de0c.jpeg,https://panoptes-uploads.zooniverse.org/production/subject_location/bd6fe3b6-2888-4234-9372-0c4399905238.jpeg,911,1399,Fri May 05 16:49:50 2017,9631388
26,Baylies 1890,https://panoptes-uploads.zooniverse.org/production/subject_location/79b5f048-6c51-4091-9cc7-d64134e8c815.jpeg,https://panoptes-uploads.zooniverse.org/production/subject_location/9fb48617-f2bd-4491-8f96-38d0aa606b14.jpeg,919,1399,Fri May 05 16:49:50 2017,9631389
27,Baylies 1890,https://panoptes-uploads.zooniverse.org/production/subject_location/130694ed-b925-42cd-80bf-d551bb42148c.jpeg,https://panoptes-uploads.zooniverse.org/production/subject_location/2395e304-e354-480b-8ad8-03eeac0ad64c.jpeg,911,1399,Fri May 05 16:49:50 2017,9631390
28,Baylies 1890,https://panoptes-uploads.zooniverse.org/production/subject_location/6476b28b-56b6-47e9-ad1e-ef7fb4073917.jpeg,https://panoptes-uploads.zooniverse.org/production/subject_location/1531fa7f-d45a-4a55-84a5-6da2152dbf50.jpeg,919,1399,Fri May 05 16:49:50 2017,9631391
29,Baylies 1890,https://panoptes-uploads.zooniverse.org/production/subject_location/fa5a16b0-4f00-410a-80d1-48b30428a03b.jpeg,https://panoptes-uploads.zooniverse.org/production/subject_location/27e2c777-57d3-486a-b73e-ece6c10d453a.jpeg,911,1399,Fri May 05 16:49:50 2017,9631392
30,Baylies 1890,https://panoptes-uploads.zooniverse.org/production/subject_location/b196afe2-0217-442e-9203-8cc67fdf16f2.jpeg,https://panoptes-uploads.zooniverse.org/production/subject_location/05bc94e0-e6b1-46a4-9954-a4b313dac8fb.jpeg,919,1399,Fri May 05 16:49:50 2017,9631393
